Workbook

Sheet Состав прибора
A20: Индустриальный компьютер
A21: SBC_35_2C3_1_E1E001CPU1E | B21: 1 | C21: 2049
A22: IB_2RS232_E1N002INF1 | B22: 2 | C22: 202
A23: SBC_DIO_E1N004INF1 | B23: 1 | C23: ?
A25: Модульный компьютер
A26: EM-PCIE104-CPU_E1E001CPU1E | B26: 1 | C26: 1948
A27: PCIe104_INF_E1N001INF1 | B27: 1 | C27: 1068
A28: PCIe104_INF2_E1N006INF1 | B28: 1 | C28: 326
A29: PCIe104_CON_E1N005INF1 | B29: 1 | C29: 195
A30: PCIe104_PSU_E1N001PWR1 | B30: 1 | C30: 262
A32: Панельный компьютер
A33: IB_2CAN_E1N003INF1 | B33: 1 | C33: 132
A34: IB_2RS232_E1N002INF1 | B34: 1 | C34: 202
A35: C2B004CPU2 | B35: 1 | C35: ?

Sheet По проектам
H1: 1 | I1: 1 | J1: 1 | K1: 1 | L1: 1
A2: Manuf | B2: Замена | C2: Part Number | D2: Итого | E2: C2B004CPU2 | F2: SBC_DIO_E1N004INF1 | G2: SBC_35_2C3_1_E1E001CPU1E | H2: PCIe104_PSU_E1N001PWR1 | I2: PCIe104_INF2_E1N006INF1 | J2: PCIe104_CON_E1N005INF1 | K2: EM-PCIE104-CPU_E1E001CPU1E | L2: PCIe104_INF_E1N001INF1 | M2: IB_2RS232_E1N002INF1 | N2: IB_2CAN_E1N003INF1
A3: 3PEAK | C3: TPT3232E-TS3R | D3: =SUM(E3:N3) -> 0 | E3: ='По платам'!C5*$E$1 -> 0 | F3: ='По платам'!D5*$F$1 -> 0 | G3: ='По платам'!E5*$G$1 -> 0 | H3: ='По платам'!F5*$H$1 -> 0 | I3: ='По платам'!G5*$I$1 -> 0 | J3: ='По платам'!H5*$J$1 -> 0 | K3: ='По платам'!I5*$K$1 -> 0 | L3: ='По платам'!J5*$L$1 -> 0 | M3: ='По платам'!K5*$M$1 -> 0 | N3: ='По платам'!L5*'Состав прибора'!$B$16 -> 0
A4: 3PEAK | C4: TPT71042-SOAR | D4: =SUM(E4:N4) -> 1 | E4: ='По платам'!C6*$E$1 -> 0 | F4: ='По платам'!D6*$F$1 -> 0 | G4: ='По платам'!E6*$G$1 -> 0 | H4: ='По платам'!F6*$H$1 -> 0 | I4: ='По платам'!G6*$I$1 -> 0 | J4: ='По платам'!H6*$J$1 -> 0 | K4: ='По платам'!I6*$K$1 -> 0 | L4: ='По платам'!J6*$L$1 -> 1 | M4: ='По платам'!K6*$M$1 -> 0 | N4: ='По платам'!L6*'Состав прибора'!$B$16 -> 0
A5: 3PEAK | C5: TPT7762-SSAR | D5: =SUM(E5:N5) -> 12 | E5: ='По платам'!C7*$E$1 -> 0 | F5: ='По платам'!D7*$F$1 -> 0 | G5: ='По платам'!E7*$G$1 -> 0 | H5: ='По платам'!F7*$H$1 -> 0 | I5: ='По платам'!G7*$I$1 -> 8 | J5: ='По платам'!H7*$J$1 -> 0 | K5: ='По платам'!I7*$K$1 -> 0 | L5: ='По платам'!J7*$L$1 -> 4 | M5: ='По платам'!K7*$M$1 -> 0 | N5: ='По платам'!L7*'Состав прибора'!$B$16 -> 0
A6: 3PEAK | C6: TPV811S-4LTR | D6: =SUM(E6:N6) -> 0 | E6: ='По платам'!C8*$E$1 -> 0 | F6: ='По платам'!D8*$F$1 -> 0 | G6: ='По платам'!E8*$G$1 -> 0 | H6: ='По платам'!F8*$H$1 -> 0 | I6: ='По платам'!G8*$I$1 -> 0 | J6: ='По платам'!H8*$J$1 -> 0 | K6: ='По платам'!I8*$K$1 -> 0 | L6: ='По платам'!J8*$L$1 -> 0 | M6: ='По платам'!K8*$M$1 -> 0 | N6: ='По платам'!L8*'Состав прибора'!$B$16 -> 0
A7: Abracon Corporation | C7: ABM11W-32.0000MHZ-8-D1X-T3 | D7: =SUM(E7:N7) -> 0 | E7: ='По платам'!C9*$E$1 -> 0 | F7: ='По платам'!D9*$F$1 -> 0 | G7: ='По платам'!E9*$G$1 -> 0 | H7: ='По платам'!F9*$H$1 -> 0 | I7: ='По платам'!G9*$I$1 -> 0 | J7: ='По платам'!H9*$J$1 -> 0 | K7: ='По платам'!I9*$K$1 -> 0 | L7: ='По платам'!J9*$L$1 -> 0 | M7: ='По платам'!K9*$M$1 -> 0 | N7: ='По платам'!L9*'Состав прибора'!$B$16 -> 0
A8: Abracon Corporation | C8: ABM8-24.000MHZ-D1G-T | D8: =SUM(E8:N8) -> 1 | E8: ='По платам'!C10*$E$1 -> 0 | F8: ='По платам'!D10*$F$1 -> 0 | G8: ='По платам'!E10*$G$1 -> 0 | H8: ='По платам'!F10*$H$1 -> 0 | I8: ='По платам'!G10*$I$1 -> 0 | J8: ='По платам'!H10*$J$1 -> 0 | K8: ='По платам'!I10*$K$1 -> 0 | L8: ='По платам'!J10*$L$1 -> 1 | M8: ='По платам'!K10*$M$1 -> 0 | N8: ='По платам'!L10*'Состав прибора'!$B$16 -> 0
A9: Abracon Corporation | C9: ABM8-25.000MHZ-12-D1X-T | D9: =SUM(E9:N9) -> 8 | E9: ='По платам'!C11*$E$1 -> 0 | F9: ='По платам'!D11*$F$1 -> 0 | G9: ='По платам'!E11*$G$1 -> 0 | H9: ='По платам'!F11*$H$1 -> 0 | I9: ='По платам'!G11*$I$1 -> 0 | J9: ='По платам'!H11*$J$1 -> 0 | K9: ='По платам'!I11*$K$1 -> 3 | L9: ='По платам'!J11*$L$1 -> 5 | M9: ='По платам'!K11*$M$1 -> 0 | N9: ='По платам'!L11*'Состав прибора'!$B$16 -> 0
A10: Abracon Corporation | C10: ABM8W-12.0000MHZ-8-D1X-T3 | D10: =SUM(E10:N10) -> 5 | E10: ='По платам'!C12*$E$1 -> 0 | F10: ='По платам'!D12*$F$1 -> 0 | G10: ='По платам'!E12*$G$1 -> 0 | H10: ='По платам'!F12*$H$1 -> 0 | I10: ='По платам'!G12*$I$1 -> 2 | J10: ='По платам'!H12*$J$1 -> 0 | K10: ='По платам'!I12*$K$1 -> 1 | L10: ='По платам'!J12*$L$1 -> 2 | M10: ='По платам'!K12*$M$1 -> 0 | N10: ='По платам'!L12*'Состав прибора'!$B$16 -> 0
A11: Abracon Corporation | C11: ASDMB-14.31818MHZ-LY-T | D11: =SUM(E11:N11) -> 1 | E11: ='По платам'!C13*$E$1 -> 0 | F11: ='По платам'!D13*$F$1 -> 0 | G11: ='По платам'!E13*$G$1 -> 0 | H11: ='По платам'!F13*$H$1 -> 0 | I11: ='По платам'!G13*$I$1 -> 0 | J11: ='По платам'!H13*$J$1 -> 0 | K11: ='По платам'!I13*$K$1 -> 1 | L11: ='По платам'!J13*$L$1 -> 0 | M11: ='По платам'!K13*$M$1 -> 0 | N11: ='По платам'!L13*'Состав прибора'!$B$16 -> 0
A12: Abracon Corporation | C12: AX3DCF1-156.2500 | D12: =SUM(E12:N12) -> 1 | E12: ='По платам'!C14*$E$1 -> 0 | F12: ='По платам'!D14*$F$1 -> 0 | G12: ='По платам'!E14*$G$1 -> 0 | H12: ='По платам'!F14*$H$1 -> 0 | I12: ='По платам'!G14*$I$1 -> 0 | J12: ='По платам'!H14*$J$1 -> 0 | K12: ='По платам'!I14*$K$1 -> 1 | L12: ='По платам'!J14*$L$1 -> 0 | M12: ='По платам'!K14*$M$1 -> 0 | N12: ='По платам'!L14*'Состав прибора'!$B$16 -> 0
A13: Adam Tech | C13: LHA-02-TS | D13: =SUM(E13:N13) -> 0 | E13: ='По платам'!C15*$E$1 -> 0 | F13: ='По платам'!D15*$F$1 -> 0 | G13: ='По платам'!E15*$G$1 -> 0 | H13: ='По платам'!F15*$H$1 -> 0 | I13: ='По платам'!G15*$I$1 -> 0 | J13: ='По платам'!H15*$J$1 -> 0 | K13: ='По платам'!I15*$K$1 -> 0 | L13: ='По платам'!J15*$L$1 -> 0 | M13: ='По платам'!K15*$M$1 -> 0 | N13: ='По платам'!L15*'Состав прибора'!$B$16 -> 0
A14: Advanced Monolithic Systems | C14: AMS1117-3.3 | D14: =SUM(E14:N14) -> 0 | E14: ='По платам'!C16*$E$1 -> 0 | F14: ='По платам'!D16*$F$1 -> 0 | G14: ='По платам'!E16*$G$1 -> 0 | H14: ='По платам'!F16*$H$1 -> 0 | I14: ='По платам'!G16*$I$1 -> 0 | J14: ='По платам'!H16*$J$1 -> 0 | K14: ='По платам'!I16*$K$1 -> 0 | L14: ='По платам'!J16*$L$1 -> 0 | M14: ='По платам'!K16*$M$1 -> 0 | N14: ='По платам'!L16*'Состав прибора'!$B$16 -> 0
... A425: XW-ETLINK | C425: XWRJ-1108D10147 | D425: =SUM(E425:N425) -> 0 | E425: ='По платам'!C427*$E$1 -> 0 | F425: ='По платам'!D427*$F$1 -> 0 | G425: ='По платам'!E427*$G$1 -> 0 | H425: ='По платам'!F427*$H$1 -> 0 | I425: ='По платам'!G427*$I$1 -> 0 | J425: ='По платам'!H427*$J$1 -> 0 | K425: ='По платам'!I427*$K$1 -> 0 | L425: ='По платам'!J427*$L$1 -> 0 | M425: ='По платам'!K427*$M$1 -> 0 | N425: ='По платам'!L427*'Состав прибора'!$B$16 -> 0
A426: Yageo | B426: RC0201FR-070RL | C426: AC0201FR-070RL | D426: =SUM(E426:N426) -> 1 | E426: ='По платам'!C428*$E$1 -> 0 | F426: ='По платам'!D428*$F$1 -> 0 | G426: ='По платам'!E428*$G$1 -> 0 | H426: ='По платам'!F428*$H$1 -> 0 | I426: ='По платам'!G428*$I$1 -> 0 | J426: ='По платам'!H428*$J$1 -> 0 | K426: ='По платам'!I428*$K$1 -> 1 | L426: ='По платам'!J428*$L$1 -> 0 | M426: ='По платам'!K428*$M$1 -> 0 | N426: ='По платам'!L428*'Состав прибора'!$B$16 -> 0
A427: Yageo | B427: RC0201FR-07100KL | C427: AC0201FR-07100KL | D427: =SUM(E427:N427) -> 50 | E427: ='По платам'!C429*$E$1 -> 0 | F427: ='По платам'!D429*$F$1 -> 0 | G427: ='По платам'!E429*$G$1 -> 0 | H427: ='По платам'!F429*$H$1 -> 0 | I427: ='По платам'!G429*$I$1 -> 0 | J427: ='По платам'!H429*$J$1 -> 0 | K427: ='По платам'!I429*$K$1 -> 50 | L427: ='По платам'!J429*$L$1 -> 0 | M427: ='По платам'!K429*$M$1 -> 0 | N427: ='По платам'!L429*'Состав прибора'!$B$16 -> 0
A428: Yageo | B428: RC0201FR-07100RL | C428: AC0201FR-07100RL | D428: =SUM(E428:N428) -> 2 | E428: ='По платам'!C430*$E$1 -> 0 | F428: ='По платам'!D430*$F$1 -> 0 | G428: ='По платам'!E430*$G$1 -> 0 | H428: ='По платам'!F430*$H$1 -> 0 | I428: ='По платам'!G430*$I$1 -> 0 | J428: ='По платам'!H430*$J$1 -> 0 | K428: ='По платам'!I430*$K$1 -> 2 | L428: ='По платам'!J430*$L$1 -> 0 | M428: ='По платам'!K430*$M$1 -> 0 | N428: ='По платам'!L430*'Состав прибора'!$B$16 -> 0
A429: Yageo | B429: RC0201FR-0710KL | C429: AC0201FR-0710KL | D429: =SUM(E429:N429) -> 57 | E429: ='По платам'!C431*$E$1 -> 0 | F429: ='По платам'!D431*$F$1 -> 0 | G429: ='По платам'!E431*$G$1 -> 0 | H429: ='По платам'!F431*$H$1 -> 0 | I429: ='По платам'!G431*$I$1 -> 0 | J429: ='По платам'!H431*$J$1 -> 0 | K429: ='По платам'!I431*$K$1 -> 54 | L429: ='По платам'!J431*$L$1 -> 3 | M429: ='По платам'!K431*$M$1 -> 0 | N429: ='По платам'!L431*'Состав прибора'!$B$16 -> 0
A430: Yageo | B430: RC0201FR-0712K1L | C430: AC0201FR-0712K1L | D430: =SUM(E430:N430) -> 2 | E430: ='По платам'!C432*$E$1 -> 0 | F430: ='По платам'!D432*$F$1 -> 0 | G430: ='По платам'!E432*$G$1 -> 0 | H430: ='По платам'!F432*$H$1 -> 0 | I430: ='По платам'!G432*$I$1 -> 0 | J430: ='По платам'!H432*$J$1 -> 0 | K430: ='По платам'!I432*$K$1 -> 2 | L430: ='По платам'!J432*$L$1 -> 0 | M430: ='По платам'!K432*$M$1 -> 0 | N430: ='По платам'!L432*'Состав прибора'!$B$16 -> 0
A431: Yageo | B431: RC0201FR-071KL | C431: AC0201FR-071KL | D431: =SUM(E431:N431) -> 0 | E431: ='По платам'!C433*$E$1 -> 0 | F431: ='По платам'!D433*$F$1 -> 0 | G431: ='По платам'!E433*$G$1 -> 0 | H431: ='По платам'!F433*$H$1 -> 0 | I431: ='По платам'!G433*$I$1 -> 0 | J431: ='По платам'!H433*$J$1 -> 0 | K431: ='По платам'!I433*$K$1 -> 0 | L431: ='По платам'!J433*$L$1 -> 0 | M431: ='По платам'!K433*$M$1 -> 0 | N431: ='По платам'!L433*'Состав прибора'!$B$16 -> 0
A432: Yageo | B432: RC0201FR-07402RL | C432: AC0201FR-07402RL | D432: =SUM(E432:N432) -> 0 | E432: ='По платам'!C434*$E$1 -> 0 | F432: ='По платам'!D434*$F$1 -> 0 | G432: ='По платам'!E434*$G$1 -> 0 | H432: ='По платам'!F434*$H$1 -> 0 | I432: ='По платам'!G434*$I$1 -> 0 | J432: ='По платам'!H434*$J$1 -> 0 | K432: ='По платам'!I434*$K$1 -> 0 | L432: ='По платам'!J434*$L$1 -> 0 | M432: ='По платам'!K434*$M$1 -> 0 | N432: ='По платам'!L434*'Состав прибора'!$B$16 -> 0
A433: Yageo | B433: RC0201FR-0749K9L | C433: AC0201FR-0749K9L | D433: =SUM(E433:N433) -> 1 | E433: ='По платам'!C435*$E$1 -> 0 | F433: ='По платам'!D435*$F$1 -> 0 | G433: ='По платам'!E435*$G$1 -> 0 | H433: ='По платам'!F435*$H$1 -> 0 | I433: ='По платам'!G435*$I$1 -> 0 | J433: ='По платам'!H435*$J$1 -> 0 | K433: ='По платам'!I435*$K$1 -> 1 | L433: ='По платам'!J435*$L$1 -> 0 | M433: ='По платам'!K435*$M$1 -> 0 | N433: ='По платам'!L435*'Состав прибора'!$B$16 -> 0
A434: Yageo | B434: RC0201FR-0749R9L | C434: AC0201FR-0749R9L | D434: =SUM(E434:N434) -> 59 | E434: ='По платам'!C436*$E$1 -> 0 | F434: ='По платам'!D436*$F$1 -> 0 | G434: ='По платам'!E436*$G$1 -> 0 | H434: ='По платам'!F436*$H$1 -> 0 | I434: ='По платам'!G436*$I$1 -> 0 | J434: ='По платам'!H436*$J$1 -> 0 | K434: ='По платам'!I436*$K$1 -> 59 | L434: ='По платам'!J436*$L$1 -> 0 | M434: ='По платам'!K436*$M$1 -> 0 | N434: ='По платам'!L436*'Состав прибора'!$B$16 -> 0
A435: Yageo | B435: RC0201FR-074K7L | C435: AC0201FR-074K7L | D435: =SUM(E435:N435) -> 5 | E435: ='По платам'!C437*$E$1 -> 0 | F435: ='По платам'!D437*$F$1 -> 0 | G435: ='По платам'!E437*$G$1 -> 0 | H435: ='По платам'!F437*$H$1 -> 0 | I435: ='По платам'!G437*$I$1 -> 0 | J435: ='По платам'!H437*$J$1 -> 0 | K435: ='По платам'!I437*$K$1 -> 5 | L435: ='По платам'!J437*$L$1 -> 0 | M435: ='По платам'!K437*$M$1 -> 0 | N435: ='По платам'!L437*'Состав прибора'!$B$16 -> 0
A436: Yageo | B436: RC0201FR-07510RL | C436: AC0201FR-07510RL | D436: =SUM(E436:N436) -> 1 | E436: ='По платам'!C438*$E$1 -> 0 | F436: ='По платам'!D438*$F$1 -> 0 | G436: ='По платам'!E438*$G$1 -> 0 | H436: ='По платам'!F438*$H$1 -> 0 | I436: ='По платам'!G438*$I$1 -> 0 | J436: ='По платам'!H438*$J$1 -> 0 | K436: ='По платам'!I438*$K$1 -> 1 | L436: ='По платам'!J438*$L$1 -> 0 | M436: ='По платам'!K438*$M$1 -> 0 | N436: ='По платам'!L438*'Состав прибора'!$B$16 -> 0
A437: Yageo | B437: RC0201FR-0751KL | C437: AC0201FR-0751KL | D437: =SUM(E437:N437) -> 3 | E437: ='По платам'!C439*$E$1 -> 0 | F437: ='По платам'!D439*$F$1 -> 0 | G437: ='По платам'!E439*$G$1 -> 0 | H437: ='По платам'!F439*$H$1 -> 0 | I437: ='По платам'!G439*$I$1 -> 0 | J437: ='По платам'!H439*$J$1 -> 0 | K437: ='По платам'!I439*$K$1 -> 3 | L437: ='По платам'!J439*$L$1 -> 0 | M437: ='По платам'!K439*$M$1 -> 0 | N437: ='По платам'!L439*'Состав прибора'!$B$16 -> 0
... A503: Yageo | B503: RC1210FR-07270RL | C503: AC1210FR-07270RL | D503: =SUM(E503:N503) -> 2 | E503: ='По платам'!C505*$E$1 -> 0 | F503: ='По платам'!D505*$F$1 -> 0 | G503: ='По платам'!E505*$G$1 -> 0 | H503: ='По платам'!F505*$H$1 -> 0 | I503: ='По платам'!G505*$I$1 -> 0 | J503: ='По платам'!H505*$J$1 -> 0 | K503: ='По платам'!I505*$K$1 -> 0 | L503: ='По платам'!J505*$L$1 -> 2 | M503: ='По платам'!K505*$M$1 -> 0 | N503: ='По платам'!L505*'Состав прибора'!$B$16 -> 0
A504: Yageo | C504: CC0201JRNPO9BN101 | D504: =SUM(E504:N504) -> 16 | E504: ='По платам'!C506*$E$1 -> 0 | F504: ='По платам'!D506*$F$1 -> 0 | G504: ='По платам'!E506*$G$1 -> 0 | H504: ='По платам'!F506*$H$1 -> 0 | I504: ='По платам'!G506*$I$1 -> 0 | J504: ='По платам'!H506*$J$1 -> 0 | K504: ='По платам'!I506*$K$1 -> 11 | L504: ='По платам'!J506*$L$1 -> 5 | M504: ='По платам'!K506*$M$1 -> 0 | N504: ='По платам'!L506*'Состав прибора'!$B$16 -> 0
A505: Yageo | C505: CC0201JRNPO9BN330 | D505: =SUM(E505:N505) -> 0 | E505: ='По платам'!C507*$E$1 -> 0 | F505: ='По платам'!D507*$F$1 -> 0 | G505: ='По платам'!E507*$G$1 -> 0 | H505: ='По платам'!F507*$H$1 -> 0 | I505: ='По платам'!G507*$I$1 -> 0 | J505: ='По платам'!H507*$J$1 -> 0 | K505: ='По платам'!I507*$K$1 -> 0 | L505: ='По платам'!J507*$L$1 -> 0 | M505: ='По платам'!K507*$M$1 -> 0 | N505: ='По платам'!L507*'Состав прибора'!$B$16 -> 0
A506: Yageo | C506: CC0201JRX7R8BB221 | D506: =SUM(E506:N506) -> 8 | E506: ='По платам'!C508*$E$1 -> 0 | F506: ='По платам'!D508*$F$1 -> 0 | G506: ='По платам'!E508*$G$1 -> 0 | H506: ='По платам'!F508*$H$1 -> 0 | I506: ='По платам'!G508*$I$1 -> 0 | J506: ='По платам'!H508*$J$1 -> 4 | K506: ='По платам'!I508*$K$1 -> 4 | L506: ='По платам'!J508*$L$1 -> 0 | M506: ='По платам'!K508*$M$1 -> 0 | N506: ='По платам'!L508*'Состав прибора'!$B$16 -> 0
A507: Yageo | C507: CC0201KRX7R8BB103 | D507: =SUM(E507:N507) -> 65 | E507: ='По платам'!C509*$E$1 -> 0 | F507: ='По платам'!D509*$F$1 -> 0 | G507: ='По платам'!E509*$G$1 -> 0 | H507: ='По платам'!F509*$H$1 -> 0 | I507: ='По платам'!G509*$I$1 -> 3 | J507: ='По платам'!H509*$J$1 -> 0 | K507: ='По платам'!I509*$K$1 -> 42 | L507: ='По платам'!J509*$L$1 -> 20 | M507: ='По платам'!K509*$M$1 -> 0 | N507: ='По платам'!L509*'Состав прибора'!$B$16 -> 0
A508: Yageo | C508: CC0201KRX7R9BB102 | D508: =SUM(E508:N508) -> 13 | E508: ='По платам'!C510*$E$1 -> 0 | F508: ='По платам'!D510*$F$1 -> 0 | G508: ='По платам'!E510*$G$1 -> 0 | H508: ='По платам'!F510*$H$1 -> 0 | I508: ='По платам'!G510*$I$1 -> 4 | J508: ='По платам'!H510*$J$1 -> 0 | K508: ='По платам'!I510*$K$1 -> 4 | L508: ='По платам'!J510*$L$1 -> 5 | M508: ='По платам'!K510*$M$1 -> 0 | N508: ='По платам'!L510*'Состав прибора'!$B$16 -> 0
A509: Yageo | C509: CC0201KRX7R9BB221 | D509: =SUM(E509:N509) -> 2 | E509: ='По платам'!C511*$E$1 -> 0 | F509: ='По платам'!D511*$F$1 -> 0 | G509: ='По платам'!E511*$G$1 -> 0 | H509: ='По платам'!F511*$H$1 -> 0 | I509: ='По платам'!G511*$I$1 -> 0 | J509: ='По платам'!H511*$J$1 -> 0 | K509: ='По платам'!I511*$K$1 -> 2 | L509: ='По платам'!J511*$L$1 -> 0 | M509: ='По платам'!K511*$M$1 -> 0 | N509: ='По платам'!L511*'Состав прибора'!$B$16 -> 0
A510: Yageo | C510: CC0402FRNPO9BN300 | D510: =SUM(E510:N510) -> 2 | E510: ='По платам'!C512*$E$1 -> 0 | F510: ='По платам'!D512*$F$1 -> 0 | G510: ='По платам'!E512*$G$1 -> 0 | H510: ='По платам'!F512*$H$1 -> 0 | I510: ='По платам'!G512*$I$1 -> 0 | J510: ='По платам'!H512*$J$1 -> 0 | K510: ='По платам'!I512*$K$1 -> 0 | L510: ='По платам'!J512*$L$1 -> 2 | M510: ='По платам'!K512*$M$1 -> 0 | N510: ='По платам'!L512*'Состав прибора'!$B$16 -> 0
A511: Yageo | C511: CC0402FRNPO9BN360 | D511: =SUM(E511:N511) -> 1 | E511: ='По платам'!C513*$E$1 -> 0 | F511: ='По платам'!D513*$F$1 -> 0 | G511: ='По платам'!E513*$G$1 -> 0 | H511: ='По платам'!F513*$H$1 -> 0 | I511: ='По платам'!G513*$I$1 -> 0 | J511: ='По платам'!H513*$J$1 -> 0 | K511: ='По платам'!I513*$K$1 -> 1 | L511: ='По платам'!J513*$L$1 -> 0 | M511: ='По платам'!K513*$M$1 -> 0 | N511: ='По платам'!L513*'Состав прибора'!$B$16 -> 0
A512: Yageo | C512: CC0402GRNPO9BN151 | D512: =SUM(E512:N512) -> 1 | E512: ='По платам'!C514*$E$1 -> 0 | F512: ='По платам'!D514*$F$1 -> 0 | G512: ='По платам'!E514*$G$1 -> 0 | H512: ='По платам'!F514*$H$1 -> 0 | I512: ='По платам'!G514*$I$1 -> 0 | J512: ='По платам'!H514*$J$1 -> 0 | K512: ='По платам'!I514*$K$1 -> 1 | L512: ='По платам'!J514*$L$1 -> 0 | M512: ='По платам'!K514*$M$1 -> 0 | N512: ='По платам'!L514*'Состав прибора'!$B$16 -> 0
A513: Yageo | C513: CC0402GRNPO9BN271 | D513: =SUM(E513:N513) -> 1 | E513: ='По платам'!C515*$E$1 -> 0 | F513: ='По платам'!D515*$F$1 -> 0 | G513: ='По платам'!E515*$G$1 -> 0 | H513: ='По платам'!F515*$H$1 -> 0 | I513: ='По платам'!G515*$I$1 -> 0 | J513: ='По платам'!H515*$J$1 -> 0 | K513: ='По платам'!I515*$K$1 -> 1 | L513: ='По платам'!J515*$L$1 -> 0 | M513: ='По платам'!K515*$M$1 -> 0 | N513: ='По платам'!L515*'Состав прибора'!$B$16 -> 0
A514: Yageo | C514: CC0402GRNPO9BN391 | D514: =SUM(E514:N514) -> 2 | E514: ='По платам'!C516*$E$1 -> 0 | F514: ='По платам'!D516*$F$1 -> 0 | G514: ='По платам'!E516*$G$1 -> 0 | H514: ='По платам'!F516*$H$1 -> 0 | I514: ='По платам'!G516*$I$1 -> 0 | J514: ='По платам'!H516*$J$1 -> 0 | K514: ='По платам'!I516*$K$1 -> 2 | L514: ='По платам'!J516*$L$1 -> 0 | M514: ='По платам'!K516*$M$1 -> 0 | N514: ='По платам'!L516*'Состав прибора'!$B$16 -> 0
A515: Yageo | C515: CC0402JRNPO8BN330 | D515: =SUM(E515:N515) -> 1 | E515: ='По платам'!C517*$E$1 -> 0 | F515: ='По платам'!D517*$F$1 -> 0 | G515: ='По платам'!E517*$G$1 -> 0 | H515: ='По платам'!F517*$H$1 -> 0 | I515: ='По платам'!G517*$I$1 -> 0 | J515: ='По платам'!H517*$J$1 -> 0 | K515: ='По платам'!I517*$K$1 -> 1 | L515: ='По платам'!J517*$L$1 -> 0 | M515: ='По платам'!K517*$M$1 -> 0 | N515: ='По платам'!L517*'Состав прибора'!$B$16 -> 0
... A634: YJYCOIN | C634: YSPI1040-2R2M | D634: =SUM(E634:N634) -> 0 | E634: ='По платам'!C636*$E$1 -> 0 | F634: ='По платам'!D636*$F$1 -> 0 | G634: ='По платам'!E636*$G$1 -> 0 | H634: ='По платам'!F636*$H$1 -> 0 | I634: ='По платам'!G636*$I$1 -> 0 | J634: ='По платам'!H636*$J$1 -> 0 | K634: ='По платам'!I636*$K$1 -> 0 | L634: ='По платам'!J636*$L$1 -> 0 | M634: ='По платам'!K636*$M$1 -> 0 | N634: ='По платам'!L636*'Состав прибора'!$B$16 -> 0
C635: (пусто) | E635: ='По платам'!C637*$E$1 -> 0 | F635: ='По платам'!D637*$F$1 -> 0 | G635: ='По платам'!E637*$G$1 -> 0 | H635: ='По платам'!F637*$H$1 -> 0 | I635: ='По платам'!G637*$I$1 -> 0 | J635: ='По платам'!H637*$J$1 -> 0 | K635: ='По платам'!I637*$K$1 -> 0 | L635: ='По платам'!J637*$L$1 -> 0 | M635: ='По платам'!K637*$M$1 -> 0 | N635: ='По платам'!L637*'Состав прибора'!$B$16 -> 0

Sheet По платам
C1: C2B004CPU2 | D1: SBC_DIO_E1N004INF1 | E1: SBC_35_2C3_1_E1E001CPU1E | F1: PCIe104_PSU_E1N001PWR1 | G1: PCIe104_INF2_E1N006INF1 | H1: PCIe104_CON_E1N005INF1 | I1: EM-PCIE104-CPU_E1E001CPU1E | J1: PCIe104_INF_E1N001INF1 | K1: IB_2RS232_E1N002INF1 | L1: IB_2CAN_E1N003INF1
B2: Part Number
B3: ,TDK:MPZ0603S800HT000 | C3: =IFERROR(INDEX('C2B004CPU2'!N:N,MATCH('По платам'!$B3,'C2B004CPU2'!L:L,0)),0) -> 0 | D3: =IFERROR(INDEX(SBC_DIO_E1N004INF1!N:N,MATCH('По платам'!$B3,SBC_DIO_E1N004INF1!L:L,0)),0) -> 0 | E3: =IFERROR(INDEX(SBC_35_2C3_1_E1E001CPU1E!N:N,MATCH('По платам'!$B3,SBC_35_2C3_1_E1E001CPU1E!L:L,0)),0) -> 0 | F3: =IFERROR(INDEX(PCIe104_PSU_E1N001PWR1!N:N,MATCH('По платам'!$B3,PCIe104_PSU_E1N001PWR1!L:L,0)),0) -> 0 | G3: =IFERROR(INDEX(PCIe104_INF2_E1N006INF1!N:N,MATCH('По платам'!$B3,PCIe104_INF2_E1N006INF1!L:L,0)),0) -> 0 | H3: =IFERROR(INDEX(PCIe104_CON_E1N005INF1!N:N,MATCH('По платам'!$B3,PCIe104_CON_E1N005INF1!L:L,0)),0) -> 0 | I3: =IFERROR(INDEX('EM-PCIE104-CPU_E1E001CPU1E'!N:N,MATCH('По платам'!$B3,'EM-PCIE104-CPU_E1E001CPU1E'!L:L,0)),0) -> 0 | J3: =IFERROR(INDEX(PCIe104_INF_E1N001INF1!N:N,MATCH('По платам'!$B3,PCIe104_INF_E1N001INF1!L:L,0)),0) -> 0 | K3: =IFERROR(INDEX(IB_2RS232_E1N002INF1!N:N,MATCH('По платам'!$B3,IB_2RS232_E1N002INF1!L:L,0)),0) -> 0 | L3: =IFERROR(INDEX(IB_2CAN_E1N003INF1!N:N,MATCH('По платам'!$B3,IB_2CAN_E1N003INF1!L:L,0)),0) -> 0
B4: ,TDK:MPZ1005S900HT000 | C4: =IFERROR(INDEX('C2B004CPU2'!N:N,MATCH('По платам'!B4,'C2B004CPU2'!L:L,0)),0) -> 0 | D4: =IFERROR(INDEX(SBC_DIO_E1N004INF1!N:N,MATCH('По платам'!$B4,SBC_DIO_E1N004INF1!L:L,0)),0) -> 0 | E4: =IFERROR(INDEX(SBC_35_2C3_1_E1E001CPU1E!N:N,MATCH('По платам'!$B4,SBC_35_2C3_1_E1E001CPU1E!L:L,0)),0) -> 0 | F4: =IFERROR(INDEX(PCIe104_PSU_E1N001PWR1!N:N,MATCH('По платам'!$B4,PCIe104_PSU_E1N001PWR1!L:L,0)),0) -> 0 | G4: =IFERROR(INDEX(PCIe104_INF2_E1N006INF1!N:N,MATCH('По платам'!$B4,PCIe104_INF2_E1N006INF1!L:L,0)),0) -> 0 | H4: =IFERROR(INDEX(PCIe104_CON_E1N005INF1!N:N,MATCH('По платам'!$B4,PCIe104_CON_E1N005INF1!L:L,0)),0) -> 0 | I4: =IFERROR(INDEX('EM-PCIE104-CPU_E1E001CPU1E'!N:N,MATCH('По платам'!$B4,'EM-PCIE104-CPU_E1E001CPU1E'!L:L,0)),0) -> 0 | J4: =IFERROR(INDEX(PCIe104_INF_E1N001INF1!N:N,MATCH('По платам'!$B4,PCIe104_INF_E1N001INF1!L:L,0)),0) -> 0 | K4: =IFERROR(INDEX(IB_2RS232_E1N002INF1!N:N,MATCH('По платам'!$B4,IB_2RS232_E1N002INF1!L:L,0)),0) -> 0 | L4: =IFERROR(INDEX(IB_2CAN_E1N003INF1!N:N,MATCH('По платам'!$B4,IB_2CAN_E1N003INF1!L:L,0)),0) -> 0
B5: 3PEAK:TPT3232E-TS3R | C5: =IFERROR(INDEX('C2B004CPU2'!N:N,MATCH('По платам'!B5,'C2B004CPU2'!L:L,0)),0) -> 0 | D5: =IFERROR(INDEX(SBC_DIO_E1N004INF1!N:N,MATCH('По платам'!$B5,SBC_DIO_E1N004INF1!L:L,0)),0) -> 0 | E5: =IFERROR(INDEX(SBC_35_2C3_1_E1E001CPU1E!N:N,MATCH('По платам'!$B5,SBC_35_2C3_1_E1E001CPU1E!L:L,0)),0) -> 0 | F5: =IFERROR(INDEX(PCIe104_PSU_E1N001PWR1!N:N,MATCH('По платам'!$B5,PCIe104_PSU_E1N001PWR1!L:L,0)),0) -> 0 | G5: =IFERROR(INDEX(PCIe104_INF2_E1N006INF1!N:N,MATCH('По платам'!$B5,PCIe104_INF2_E1N006INF1!L:L,0)),0) -> 0 | H5: =IFERROR(INDEX(PCIe104_CON_E1N005INF1!N:N,MATCH('По платам'!$B5,PCIe104_CON_E1N005INF1!L:L,0)),0) -> 0 | I5: =IFERROR(INDEX('EM-PCIE104-CPU_E1E001CPU1E'!N:N,MATCH('По платам'!$B5,'EM-PCIE104-CPU_E1E001CPU1E'!L:L,0)),0) -> 0 | J5: =IFERROR(INDEX(PCIe104_INF_E1N001INF1!N:N,MATCH('По платам'!$B5,PCIe104_INF_E1N001INF1!L:L,0)),0) -> 0 | K5: =IFERROR(INDEX(IB_2RS232_E1N002INF1!N:N,MATCH('По платам'!$B5,IB_2RS232_E1N002INF1!L:L,0)),0) -> 1 | L5: =IFERROR(INDEX(IB_2CAN_E1N003INF1!N:N,MATCH('По платам'!$B5,IB_2CAN_E1N003INF1!L:L,0)),0) -> 0
B6: 3PEAK:TPT71042-SOAR | C6: =IFERROR(INDEX('C2B004CPU2'!N:N,MATCH('По платам'!B6,'C2B004CPU2'!L:L,0)),0) -> 0 | D6: =IFERROR(INDEX(SBC_DIO_E1N004INF1!N:N,MATCH('По платам'!$B6,SBC_DIO_E1N004INF1!L:L,0)),0) -> 0 | E6: =IFERROR(INDEX(SBC_35_2C3_1_E1E001CPU1E!N:N,MATCH('По платам'!$B6,SBC_35_2C3_1_E1E001CPU1E!L:L,0)),0) -> 0 | F6: =IFERROR(INDEX(PCIe104_PSU_E1N001PWR1!N:N,MATCH('По платам'!$B6,PCIe104_PSU_E1N001PWR1!L:L,0)),0) -> 0 | G6: =IFERROR(INDEX(PCIe104_INF2_E1N006INF1!N:N,MATCH('По платам'!$B6,PCIe104_INF2_E1N006INF1!L:L,0)),0) -> 0 | H6: =IFERROR(INDEX(PCIe104_CON_E1N005INF1!N:N,MATCH('По платам'!$B6,PCIe104_CON_E1N005INF1!L:L,0)),0) -> 0 | I6: =IFERROR(INDEX('EM-PCIE104-CPU_E1E001CPU1E'!N:N,MATCH('По платам'!$B6,'EM-PCIE104-CPU_E1E001CPU1E'!L:L,0)),0) -> 0 | J6: =IFERROR(INDEX(PCIe104_INF_E1N001INF1!N:N,MATCH('По платам'!$B6,PCIe104_INF_E1N001INF1!L:L,0)),0) -> 1 | K6: =IFERROR(INDEX(IB_2RS232_E1N002INF1!N:N,MATCH('По платам'!$B6,IB_2RS232_E1N002INF1!L:L,0)),0) -> 0 | L6: =IFERROR(INDEX(IB_2CAN_E1N003INF1!N:N,MATCH('По платам'!$B6,IB_2CAN_E1N003INF1!L:L,0)),0) -> 2
B7: 3PEAK:TPT7762-SSAR | C7: =IFERROR(INDEX('C2B004CPU2'!N:N,MATCH('По платам'!B7,'C2B004CPU2'!L:L,0)),0) -> 0 | D7: =IFERROR(INDEX(SBC_DIO_E1N004INF1!N:N,MATCH('По платам'!$B7,SBC_DIO_E1N004INF1!L:L,0)),0) -> 0 | E7: =IFERROR(INDEX(SBC_35_2C3_1_E1E001CPU1E!N:N,MATCH('По платам'!$B7,SBC_35_2C3_1_E1E001CPU1E!L:L,0)),0) -> 0 | F7: =IFERROR(INDEX(PCIe104_PSU_E1N001PWR1!N:N,MATCH('По платам'!$B7,PCIe104_PSU_E1N001PWR1!L:L,0)),0) -> 0 | G7: =IFERROR(INDEX(PCIe104_INF2_E1N006INF1!N:N,MATCH('По платам'!$B7,PCIe104_INF2_E1N006INF1!L:L,0)),0) -> 8 | H7: =IFERROR(INDEX(PCIe104_CON_E1N005INF1!N:N,MATCH('По платам'!$B7,PCIe104_CON_E1N005INF1!L:L,0)),0) -> 0 | I7: =IFERROR(INDEX('EM-PCIE104-CPU_E1E001CPU1E'!N:N,MATCH('По платам'!$B7,'EM-PCIE104-CPU_E1E001CPU1E'!L:L,0)),0) -> 0 | J7: =IFERROR(INDEX(PCIe104_INF_E1N001INF1!N:N,MATCH('По платам'!$B7,PCIe104_INF_E1N001INF1!L:L,0)),0) -> 4 | K7: =IFERROR(INDEX(IB_2RS232_E1N002INF1!N:N,MATCH('По платам'!$B7,IB_2RS232_E1N002INF1!L:L,0)),0) -> 5 | L7: =IFERROR(INDEX(IB_2CAN_E1N003INF1!N:N,MATCH('По платам'!$B7,IB_2CAN_E1N003INF1!L:L,0)),0) -> 0
B8: 3PEAK:TPV811S-4LTR | C8: =IFERROR(INDEX('C2B004CPU2'!N:N,MATCH('По платам'!B8,'C2B004CPU2'!L:L,0)),0) -> 0 | D8: =IFERROR(INDEX(SBC_DIO_E1N004INF1!N:N,MATCH('По платам'!$B8,SBC_DIO_E1N004INF1!L:L,0)),0) -> 0 | E8: =IFERROR(INDEX(SBC_35_2C3_1_E1E001CPU1E!N:N,MATCH('По платам'!$B8,SBC_35_2C3_1_E1E001CPU1E!L:L,0)),0) -> 1 | F8: =IFERROR(INDEX(PCIe104_PSU_E1N001PWR1!N:N,MATCH('По платам'!$B8,PCIe104_PSU_E1N001PWR1!L:L,0)),0) -> 0 | G8: =IFERROR(INDEX(PCIe104_INF2_E1N006INF1!N:N,MATCH('По платам'!$B8,PCIe104_INF2_E1N006INF1!L:L,0)),0) -> 0 | H8: =IFERROR(INDEX(PCIe104_CON_E1N005INF1!N:N,MATCH('По платам'!$B8,PCIe104_CON_E1N005INF1!L:L,0)),0) -> 0 | I8: =IFERROR(INDEX('EM-PCIE104-CPU_E1E001CPU1E'!N:N,MATCH('По платам'!$B8,'EM-PCIE104-CPU_E1E001CPU1E'!L:L,0)),0) -> 0 | J8: =IFERROR(INDEX(PCIe104_INF_E1N001INF1!N:N,MATCH('По платам'!$B8,PCIe104_INF_E1N001INF1!L:L,0)),0) -> 0 | K8: =IFERROR(INDEX(IB_2RS232_E1N002INF1!N:N,MATCH('По платам'!$B8,IB_2RS232_E1N002INF1!L:L,0)),0) -> 0 | L8: =IFERROR(INDEX(IB_2CAN_E1N003INF1!N:N,MATCH('По платам'!$B8,IB_2CAN_E1N003INF1!L:L,0)),0) -> 1
B9: Abracon Corporation:ABM11W-32.0000MHZ-8-D1X-T3 | C9: =IFERROR(INDEX('C2B004CPU2'!N:N,MATCH('По платам'!B9,'C2B004CPU2'!L:L,0)),0) -> 1 | D9: =IFERROR(INDEX(SBC_DIO_E1N004INF1!N:N,MATCH('По платам'!$B9,SBC_DIO_E1N004INF1!L:L,0)),0) -> 0 | E9: =IFERROR(INDEX(SBC_35_2C3_1_E1E001CPU1E!N:N,MATCH('По платам'!$B9,SBC_35_2C3_1_E1E001CPU1E!L:L,0)),0) -> 0 | F9: =IFERROR(INDEX(PCIe104_PSU_E1N001PWR1!N:N,MATCH('По платам'!$B9,PCIe104_PSU_E1N001PWR1!L:L,0)),0) -> 0 | G9: =IFERROR(INDEX(PCIe104_INF2_E1N006INF1!N:N,MATCH('По платам'!$B9,PCIe104_INF2_E1N006INF1!L:L,0)),0) -> 0 | H9: =IFERROR(INDEX(PCIe104_CON_E1N005INF1!N:N,MATCH('По платам'!$B9,PCIe104_CON_E1N005INF1!L:L,0)),0) -> 0 | I9: =IFERROR(INDEX('EM-PCIE104-CPU_E1E001CPU1E'!N:N,MATCH('По платам'!$B9,'EM-PCIE104-CPU_E1E001CPU1E'!L:L,0)),0) -> 0 | J9: =IFERROR(INDEX(PCIe104_INF_E1N001INF1!N:N,MATCH('По платам'!$B9,PCIe104_INF_E1N001INF1!L:L,0)),0) -> 0 | K9: =IFERROR(INDEX(IB_2RS232_E1N002INF1!N:N,MATCH('По платам'!$B9,IB_2RS232_E1N002INF1!L:L,0)),0) -> 0 | L9: =IFERROR(INDEX(IB_2CAN_E1N003INF1!N:N,MATCH('По платам'!$B9,IB_2CAN_E1N003INF1!L:L,0)),0) -> 0
B10: Abracon Corporation:ABM8-24.000MHZ-D1G-T | C10: =IFERROR(INDEX('C2B004CPU2'!N:N,MATCH('По платам'!B10,'C2B004CPU2'!L:L,0)),0) -> 0 | D10: =IFERROR(INDEX(SBC_DIO_E1N004INF1!N:N,MATCH('По платам'!$B10,SBC_DIO_E1N004INF1!L:L,0)),0) -> 0 | E10: =IFERROR(INDEX(SBC_35_2C3_1_E1E001CPU1E!N:N,MATCH('По платам'!$B10,SBC_35_2C3_1_E1E001CPU1E!L:L,0)),0) -> 0 | F10: =IFERROR(INDEX(PCIe104_PSU_E1N001PWR1!N:N,MATCH('По платам'!$B10,PCIe104_PSU_E1N001PWR1!L:L,0)),0) -> 0 | G10: =IFERROR(INDEX(PCIe104_INF2_E1N006INF1!N:N,MATCH('По платам'!$B10,PCIe104_INF2_E1N006INF1!L:L,0)),0) -> 0 | H10: =IFERROR(INDEX(PCIe104_CON_E1N005INF1!N:N,MATCH('По платам'!$B10,PCIe104_CON_E1N005INF1!L:L,0)),0) -> 0 | I10: =IFERROR(INDEX('EM-PCIE104-CPU_E1E001CPU1E'!N:N,MATCH('По платам'!$B10,'EM-PCIE104-CPU_E1E001CPU1E'!L:L,0)),0) -> 0 | J10: =IFERROR(INDEX(PCIe104_INF_E1N001INF1!N:N,MATCH('По платам'!$B10,PCIe104_INF_E1N001INF1!L:L,0)),0) -> 1 | K10: =IFERROR(INDEX(IB_2RS232_E1N002INF1!N:N,MATCH('По платам'!$B10,IB_2RS232_E1N002INF1!L:L,0)),0) -> 0 | L10: =IFERROR(INDEX(IB_2CAN_E1N003INF1!N:N,MATCH('По платам'!$B10,IB_2CAN_E1N003INF1!L:L,0)),0) -> 0
B11: Abracon Corporation:ABM8-25.000MHZ-12-D1X-T | C11: =IFERROR(INDEX('C2B004CPU2'!N:N,MATCH('По платам'!B11,'C2B004CPU2'!L:L,0)),0) -> 0 | D11: =IFERROR(INDEX(SBC_DIO_E1N004INF1!N:N,MATCH('По платам'!$B11,SBC_DIO_E1N004INF1!L:L,0)),0) -> 0 | E11: =IFERROR(INDEX(SBC_35_2C3_1_E1E001CPU1E!N:N,MATCH('По платам'!$B11,SBC_35_2C3_1_E1E001CPU1E!L:L,0)),0) -> 5 | F11: =IFERROR(INDEX(PCIe104_PSU_E1N001PWR1!N:N,MATCH('По платам'!$B11,PCIe104_PSU_E1N001PWR1!L:L,0)),0) -> 0 | G11: =IFERROR(INDEX(PCIe104_INF2_E1N006INF1!N:N,MATCH('По платам'!$B11,PCIe104_INF2_E1N006INF1!L:L,0)),0) -> 0 | H11: =IFERROR(INDEX(PCIe104_CON_E1N005INF1!N:N,MATCH('По платам'!$B11,PCIe104_CON_E1N005INF1!L:L,0)),0) -> 0 | I11: =IFERROR(INDEX('EM-PCIE104-CPU_E1E001CPU1E'!N:N,MATCH('По платам'!$B11,'EM-PCIE104-CPU_E1E001CPU1E'!L:L,0)),0) -> 3 | J11: =IFERROR(INDEX(PCIe104_INF_E1N001INF1!N:N,MATCH('По платам'!$B11,PCIe104_INF_E1N001INF1!L:L,0)),0) -> 5 | K11: =IFERROR(INDEX(IB_2RS232_E1N002INF1!N:N,MATCH('По платам'!$B11,IB_2RS232_E1N002INF1!L:L,0)),0) -> 0 | L11: =IFERROR(INDEX(IB_2CAN_E1N003INF1!N:N,MATCH('По платам'!$B11,IB_2CAN_E1N003INF1!L:L,0)),0) -> 0
B12: Abracon Corporation:ABM8W-12.0000MHZ-8-D1X-T3 | C12: =IFERROR(INDEX('C2B004CPU2'!N:N,MATCH('По платам'!B12,'C2B004CPU2'!L:L,0)),0) -> 0 | D12: =IFERROR(INDEX(SBC_DIO_E1N004INF1!N:N,MATCH('По платам'!$B12,SBC_DIO_E1N004INF1!L:L,0)),0) -> 0 | E12: =IFERROR(INDEX(SBC_35_2C3_1_E1E001CPU1E!N:N,MATCH('По платам'!$B12,SBC_35_2C3_1_E1E001CPU1E!L:L,0)),0) -> 1 | F12: =IFERROR(INDEX(PCIe104_PSU_E1N001PWR1!N:N,MATCH('По платам'!$B12,PCIe104_PSU_E1N001PWR1!L:L,0)),0) -> 0 | G12: =IFERROR(INDEX(PCIe104_INF2_E1N006INF1!N:N,MATCH('По платам'!$B12,PCIe104_INF2_E1N006INF1!L:L,0)),0) -> 2 | H12: =IFERROR(INDEX(PCIe104_CON_E1N005INF1!N:N,MATCH('По платам'!$B12,PCIe104_CON_E1N005INF1!L:L,0)),0) -> 0 | I12: =IFERROR(INDEX('EM-PCIE104-CPU_E1E001CPU1E'!N:N,MATCH('По платам'!$B12,'EM-PCIE104-CPU_E1E001CPU1E'!L:L,0)),0) -> 1 | J12: =IFERROR(INDEX(PCIe104_INF_E1N001INF1!N:N,MATCH('По платам'!$B12,PCIe104_INF_E1N001INF1!L:L,0)),0) -> 2 | K12: =IFERROR(INDEX(IB_2RS232_E1N002INF1!N:N,MATCH('По платам'!$B12,IB_2RS232_E1N002INF1!L:L,0)),0) -> 1 | L12: =IFERROR(INDEX(IB_2CAN_E1N003INF1!N:N,MATCH('По платам'!$B12,IB_2CAN_E1N003INF1!L:L,0)),0) -> 1
B13: Abracon Corporation:ASDMB-14.31818MHZ-LY-T | C13: =IFERROR(INDEX('C2B004CPU2'!N:N,MATCH('По платам'!B13,'C2B004CPU2'!L:L,0)),0) -> 0 | D13: =IFERROR(INDEX(SBC_DIO_E1N004INF1!N:N,MATCH('По платам'!$B13,SBC_DIO_E1N004INF1!L:L,0)),0) -> 0 | E13: =IFERROR(INDEX(SBC_35_2C3_1_E1E001CPU1E!N:N,MATCH('По платам'!$B13,SBC_35_2C3_1_E1E001CPU1E!L:L,0)),0) -> 1 | F13: =IFERROR(INDEX(PCIe104_PSU_E1N001PWR1!N:N,MATCH('По платам'!$B13,PCIe104_PSU_E1N001PWR1!L:L,0)),0) -> 0 | G13: =IFERROR(INDEX(PCIe104_INF2_E1N006INF1!N:N,MATCH('По платам'!$B13,PCIe104_INF2_E1N006INF1!L:L,0)),0) -> 0 | H13: =IFERROR(INDEX(PCIe104_CON_E1N005INF1!N:N,MATCH('По платам'!$B13,PCIe104_CON_E1N005INF1!L:L,0)),0) -> 0 | I13: =IFERROR(INDEX('EM-PCIE104-CPU_E1E001CPU1E'!N:N,MATCH('По платам'!$B13,'EM-PCIE104-CPU_E1E001CPU1E'!L:L,0)),0) -> 1 | J13: =IFERROR(INDEX(PCIe104_INF_E1N001INF1!N:N,MATCH('По платам'!$B13,PCIe104_INF_E1N001INF1!L:L,0)),0) -> 0 | K13: =IFERROR(INDEX(IB_2RS232_E1N002INF1!N:N,MATCH('По платам'!$B13,IB_2RS232_E1N002INF1!L:L,0)),0) -> 0 | L13: =IFERROR(INDEX(IB_2CAN_E1N003INF1!N:N,MATCH('По платам'!$B13,IB_2CAN_E1N003INF1!L:L,0)),0) -> 0
B14: Abracon Corporation:AX3DCF1-156.2500 | C14: =IFERROR(INDEX('C2B004CPU2'!N:N,MATCH('По платам'!B14,'C2B004CPU2'!L:L,0)),0) -> 0 | D14: =IFERROR(INDEX(SBC_DIO_E1N004INF1!N:N,MATCH('По платам'!$B14,SBC_DIO_E1N004INF1!L:L,0)),0) -> 0 | E14: =IFERROR(INDEX(SBC_35_2C3_1_E1E001CPU1E!N:N,MATCH('По платам'!$B14,SBC_35_2C3_1_E1E001CPU1E!L:L,0)),0) -> 1 | F14: =IFERROR(INDEX(PCIe104_PSU_E1N001PWR1!N:N,MATCH('По платам'!$B14,PCIe104_PSU_E1N001PWR1!L:L,0)),0) -> 0 | G14: =IFERROR(INDEX(PCIe104_INF2_E1N006INF1!N:N,MATCH('По платам'!$B14,PCIe104_INF2_E1N006INF1!L:L,0)),0) -> 0 | H14: =IFERROR(INDEX(PCIe104_CON_E1N005INF1!N:N,MATCH('По платам'!$B14,PCIe104_CON_E1N005INF1!L:L,0)),0) -> 0 | I14: =IFERROR(INDEX('EM-PCIE104-CPU_E1E001CPU1E'!N:N,MATCH('По платам'!$B14,'EM-PCIE104-CPU_E1E001CPU1E'!L:L,0)),0) -> 1 | J14: =IFERROR(INDEX(PCIe104_INF_E1N001INF1!N:N,MATCH('По платам'!$B14,PCIe104_INF_E1N001INF1!L:L,0)),0) -> 0 | K14: =IFERROR(INDEX(IB_2RS232_E1N002INF1!N:N,MATCH('По платам'!$B14,IB_2RS232_E1N002INF1!L:L,0)),0) -> 0 | L14: =IFERROR(INDEX(IB_2CAN_E1N003INF1!N:N,MATCH('По платам'!$B14,IB_2CAN_E1N003INF1!L:L,0)),0) -> 0
B15: Adam Tech:LHA-02-TS | C15: =IFERROR(INDEX('C2B004CPU2'!N:N,MATCH('По платам'!B15,'C2B004CPU2'!L:L,0)),0) -> 1 | D15: =IFERROR(INDEX(SBC_DIO_E1N004INF1!N:N,MATCH('По платам'!$B15,SBC_DIO_E1N004INF1!L:L,0)),0) -> 0 | E15: =IFERROR(INDEX(SBC_35_2C3_1_E1E001CPU1E!N:N,MATCH('По платам'!$B15,SBC_35_2C3_1_E1E001CPU1E!L:L,0)),0) -> 0 | F15: =IFERROR(INDEX(PCIe104_PSU_E1N001PWR1!N:N,MATCH('По платам'!$B15,PCIe104_PSU_E1N001PWR1!L:L,0)),0) -> 0 | G15: =IFERROR(INDEX(PCIe104_INF2_E1N006INF1!N:N,MATCH('По платам'!$B15,PCIe104_INF2_E1N006INF1!L:L,0)),0) -> 0 | H15: =IFERROR(INDEX(PCIe104_CON_E1N005INF1!N:N,MATCH('По платам'!$B15,PCIe104_CON_E1N005INF1!L:L,0)),0) -> 0 | I15: =IFERROR(INDEX('EM-PCIE104-CPU_E1E001CPU1E'!N:N,MATCH('По платам'!$B15,'EM-PCIE104-CPU_E1E001CPU1E'!L:L,0)),0) -> 0 | J15: =IFERROR(INDEX(PCIe104_INF_E1N001INF1!N:N,MATCH('По платам'!$B15,PCIe104_INF_E1N001INF1!L:L,0)),0) -> 0 | K15: =IFERROR(INDEX(IB_2RS232_E1N002INF1!N:N,MATCH('По платам'!$B15,IB_2RS232_E1N002INF1!L:L,0)),0) -> 0 | L15: =IFERROR(INDEX(IB_2CAN_E1N003INF1!N:N,MATCH('По платам'!$B15,IB_2CAN_E1N003INF1!L:L,0)),0) -> 0
... B637: (пусто) | C637: =IFERROR(INDEX('C2B004CPU2'!N:N,MATCH('По платам'!B637,'C2B004CPU2'!L:L,0)),0) -> 0 | D637: =IFERROR(INDEX(SBC_DIO_E1N004INF1!N:N,MATCH('По платам'!$B637,SBC_DIO_E1N004INF1!L:L,0)),0) -> 0 | E637: =IFERROR(INDEX(SBC_35_2C3_1_E1E001CPU1E!N:N,MATCH('По платам'!$B637,SBC_35_2C3_1_E1E001CPU1E!L:L,0)),0) -> 0 | F637: =IFERROR(INDEX(PCIe104_PSU_E1N001PWR1!N:N,MATCH('По платам'!$B637,PCIe104_PSU_E1N001PWR1!L:L,0)),0) -> 0 | G637: =IFERROR(INDEX(PCIe104_INF2_E1N006INF1!N:N,MATCH('По платам'!$B637,PCIe104_INF2_E1N006INF1!L:L,0)),0) -> 0 | H637: =IFERROR(INDEX(PCIe104_CON_E1N005INF1!N:N,MATCH('По платам'!$B637,PCIe104_CON_E1N005INF1!L:L,0)),0) -> 0 | I637: =IFERROR(INDEX('EM-PCIE104-CPU_E1E001CPU1E'!N:N,MATCH('По платам'!$B637,'EM-PCIE104-CPU_E1E001CPU1E'!L:L,0)),0) -> 0 | J637: =IFERROR(INDEX(PCIe104_INF_E1N001INF1!N:N,MATCH('По платам'!$B637,PCIe104_INF_E1N001INF1!L:L,0)),0) -> 0 | K637: =IFERROR(INDEX(IB_2RS232_E1N002INF1!N:N,MATCH('По платам'!$B637,IB_2RS232_E1N002INF1!L:L,0)),0) -> 0 | L637: =IFERROR(INDEX(IB_2CAN_E1N003INF1!N:N,MATCH('По платам'!$B637,IB_2CAN_E1N003INF1!L:L,0)),0) -> 0

Sheet IB_2CAN_E1N003INF1
A1: ID | B1: Date | C1: N | D1: Type | E1: File | F1: Count | G1: # | H1: Analog | I1: Description | J1: Manufacturer part number | K1: Mfg name | L1: Mfg part number | M1: Part number | N1: Qty | O1: Ref designator | P1: Qty2
A2: IB_2CAN_E1N003INF1 | B2: Thursday, March 21, 2024 | C2: 3 | D2: PanelPC | E2: IB_2CAN_E1N003INF1.xlsx | F2: 1 | G2: 1 | I2: CRYSTAL 12.0000MHZ 8PF SMD | J2: ABM8W-12.0000MHZ-8-D1X-T3 | K2: Abracon Corporation | L2: Abracon Corporation:ABM8W-12.0000MHZ-8-D1X-T3 | M2: 10191 | N2: 1 | O2: BQ1 | P2: 1
A3: IB_2CAN_E1N003INF1 | B3: Thursday, March 21, 2024 | C3: 3 | D3: PanelPC | E3: IB_2CAN_E1N003INF1.xlsx | F3: 1 | G3: 2 | I3: CAP CER 0603 16V 10uF X6S +/-20% | J3: CL10X106MO8NRN | K3: Samsung | L3: Samsung:CL10X106MO8NRN | M3: 42431 | N3: 14 | O3: C1,C3,C15,C21,C25,C29,C31,C32,C33,C39,C41,C42,C43,C46 | P3: 14
A4: IB_2CAN_E1N003INF1 | B4: Thursday, March 21, 2024 | C4: 3 | D4: PanelPC | E4: IB_2CAN_E1N003INF1.xlsx | F4: 1 | G4: 3 | I4: CAP CERAMIC, 0402, 0.1uF, 50V, X7R, +/-10% | J4: CL05B104KB54PNC | K4: Samsung | L4: Samsung:CL05B104KB54PNC | M4: 2054 | N4: 20 | O4: C2,C4,C6,C7,C8,C9,C10,C11,C14,C18,C19,C20,C22,C23,C26,C27,C34,C36,C37,C44 | P4: 20
A5: IB_2CAN_E1N003INF1 | B5: Thursday, March 21, 2024 | C5: 3 | D5: PanelPC | E5: IB_2CAN_E1N003INF1.xlsx | F5: 1 | G5: 4 | I5: CAP CER 0805 16 V 22 uF X6S В±20% | J5: CL21X226MOYNNWE | K5: Samsung | L5: Samsung:CL21X226MOYNNWE | M5: 42374 | N5: 1 | O5: C5 | P5: 1
A6: IB_2CAN_E1N003INF1 | B6: Thursday, March 21, 2024 | C6: 3 | D6: PanelPC | E6: IB_2CAN_E1N003INF1.xlsx | F6: 1 | G6: 5 | I6: CAP CER 0402 16V 2.2uF X6S +/-10% | J6: C1005X6S1C225K050BC | K6: TDK | L6: TDK:C1005X6S1C225K050BC | M6: 42476 | N6: 3 | O6: C12,C30,C40 | P6: 3
A7: IB_2CAN_E1N003INF1 | B7: Thursday, March 21, 2024 | C7: 3 | D7: PanelPC | E7: IB_2CAN_E1N003INF1.xlsx | F7: 1 | G7: 6 | I7: CAP CERAMIC, 0402, 0.01uF, 50V, X7R, +/-10% | J7: CL05B103KB5NNNC | K7: Samsung | L7: Samsung:CL05B103KB5NNNC | M7: 4320 | N7: 1 | O7: C13 | P7: 1
A8: IB_2CAN_E1N003INF1 | B8: Thursday, March 21, 2024 | C8: 3 | D8: PanelPC | E8: IB_2CAN_E1N003INF1.xlsx | F8: 1 | G8: 7 | I8: CAP CER, 0402, 10pF, 50V, C0G, +/-5% | J8: CL05C100JB5NNNC | K8: Samsung | L8: Samsung:CL05C100JB5NNNC | M8: 33765 | N8: 2 | O8: C16,C17 | P8: 2
A9: IB_2CAN_E1N003INF1 | B9: Thursday, March 21, 2024 | C9: 3 | D9: PanelPC | E9: IB_2CAN_E1N003INF1.xlsx | F9: 1 | G9: 8 | I9: CAP CER 0603 16 V 10 uF X5R В±10% | J9: CL10A106KO8NQNC | K9: Samsung | L9: Samsung:CL10A106KO8NQNC | M9: 42379 | N9: 1 | O9: C24 | P9: 1
A10: IB_2CAN_E1N003INF1 | B10: Thursday, March 21, 2024 | C10: 3 | D10: PanelPC | E10: IB_2CAN_E1N003INF1.xlsx | F10: 1 | G10: 9 | I10: CAP CER, 0603, 0.1uF, 100V, X7R, +/-10% | J10: CL10B104KC8NNNC | K10: Samsung | L10: Samsung:CL10B104KC8NNNC | M10: 33769 | N10: 2 | O10: C28,C38 | P10: 2
A11: IB_2CAN_E1N003INF1 | B11: Thursday, March 21, 2024 | C11: 3 | D11: PanelPC | E11: IB_2CAN_E1N003INF1.xlsx | F11: 1 | G11: 10 | I11: CAP CER 1206, 1000pF, В±10%, 2000V, X7R | J11: CC1206KKX7RDBB102 | K11: Yageo | L11: Yageo:CC1206KKX7RDBB102 | M11: 10481 | N11: 2 | O11: C35,C45 | P11: 2
A12: IB_2CAN_E1N003INF1 | B12: Thursday, March 21, 2024 | C12: 3 | D12: PanelPC | E12: IB_2CAN_E1N003INF1.xlsx | F12: 1 | G12: 11 | I12: CAP CER, 0402, 100pF, 50V, C0G, +/-5% | J12: CL05C101JB5NNNC | K12: Samsung | L12: Samsung:CL05C101JB5NNNC | M12: 42335 | N12: 4 | O12: C47,C48,C49,C50 | P12: 4
A13: IB_2CAN_E1N003INF1 | B13: Thursday, March 21, 2024 | C13: 3 | D13: PanelPC | E13: IB_2CAN_E1N003INF1.xlsx | F13: 1 | G13: 12 | I13: CAP CERAMIC, 0402, 1000pF, 50V, X7R, +/-5% | J13: CL05B102JB5NNNC | K13: Samsung | L13: Samsung:CL05B102JB5NNNC | M13: 1168 | N13: 1 | O13: C51 | P13: 1
... A20: IB_2CAN_E1N003INF1 | B20: Thursday, March 21, 2024 | C20: 3 | D20: PanelPC | E20: IB_2CAN_E1N003INF1.xlsx | F20: 1 | G20: 19 | I20: IC DC-DC CONVERTER 5V 1W | J20: B0505S-1WR3 | K20: Mornsun | L20: Mornsun:B0505S-1WR3 | M20: 10163 | N20: 2 | O20: D7,D10 | P20: 2
A21: IB_2CAN_E1N003INF1 | B21: Thursday, March 21, 2024 | C21: 3 | D21: PanelPC | E21: IB_2CAN_E1N003INF1.xlsx | F21: 1 | G21: 20 | I21: IND, 0402, 90ohms, 2,3 A, DCR 38 mOhm | J21: MPZ1005S900HT000 | M21: 10522 | N21: 4 | O21: L1,L3,L6,L9 | P21: 4
A22: IB_2CAN_E1N003INF1 | B22: Thursday, March 21, 2024 | C22: 3 | D22: PanelPC | E22: IB_2CAN_E1N003INF1.xlsx | F22: 1 | G22: 21 | I22: 90 Om 300mA, 2LN, Common mode choke coil | J22: SDCW1608S-2-900TF | K22: Sunlord | L22: Sunlord:SDCW1608S-2-900TF | M22: 10355 | N22: 1 | O22: L2 | P22: 1
A23: IB_2CAN_E1N003INF1 | B23: Thursday, March 21, 2024 | C23: 3 | D23: PanelPC | E23: IB_2CAN_E1N003INF1.xlsx | F23: 1 | G23: 22 | I23: 300 Ohm 400mA, Common mode choke coil | J23: SDCW2520S-2-301TF | K23: Sunlord | L23: Sunlord:SDCW2520S-2-301TF | M23: 10354 | N23: 2 | O23: L4,L7 | P23: 2
A24: IB_2CAN_E1N003INF1 | B24: Thursday, March 21, 2024 | C24: 3 | D24: PanelPC | E24: IB_2CAN_E1N003INF1.xlsx | F24: 1 | G24: 23 | I24: FIXED IND 10UH 770MA 345MOHM SMD | J24: SWPA4012S100MT | K24: Sunlord | L24: Sunlord:SWPA4012S100MT | M24: 10416 | N24: 2 | O24: L5,L8 | P24: 2
A25: IB_2CAN_E1N003INF1 | B25: Thursday, March 21, 2024 | C25: 3 | D25: PanelPC | E25: IB_2CAN_E1N003INF1.xlsx | F25: 1 | G25: 24 | I25: Test Points, 1mm DIA | M25: 10295 | N25: 8 | O25: P1,P2,P10,P11,P16,P17,P18,P19 | P25: 8
A26: IB_2CAN_E1N003INF1 | B26: Thursday, March 21, 2024 | C26: 3 | D26: PanelPC | E26: IB_2CAN_E1N003INF1.xlsx | F26: 1 | G26: 25 | I26: Test point Ostec Bed of Nails | M26: 310 | N26: 7 | O26: P3,P12,P13,P14,P15,P20,P21 | P26: 7
A27: IB_2CAN_E1N003INF1 | B27: Thursday, March 21, 2024 | C27: 3 | D27: PanelPC | E27: IB_2CAN_E1N003INF1.xlsx | F27: 1 | G27: 26 | I27: RES SMD 1kohm +/-1% 1/16W 0402 | J27: RC0402FR-071KL | K27: Yageo | L27: Yageo:RC0402FR-071KL | M27: 39677 | N27: 4 | O27: R1,R2,R3,R4 | P27: 4
A28: IB_2CAN_E1N003INF1 | B28: Thursday, March 21, 2024 | C28: 3 | D28: PanelPC | E28: IB_2CAN_E1N003INF1.xlsx | F28: 1 | G28: 27 | I28: RES SMD 4.7kohm +/-1% 1/16W 0402 | J28: RC0402FR-074K7L | K28: Yageo | L28: Yageo:RC0402FR-074K7L | M28: 40058 | N28: 6 | O28: R5,R8,R9,R13,R14,R17 | P28: 6
A29: IB_2CAN_E1N003INF1 | B29: Thursday, March 21, 2024 | C29: 3 | D29: PanelPC | E29: IB_2CAN_E1N003INF1.xlsx | F29: 1 | G29: 28 | I29: RES SMD 1.3kohm +/-1% 1/16W 0402 | J29: RC0402FR-071K3L | K29: Yageo | L29: Yageo:RC0402FR-071K3L | M29: 39659 | N29: 1 | O29: R6 | P29: 1
A30: IB_2CAN_E1N003INF1 | B30: Thursday, March 21, 2024 | C30: 3 | D30: PanelPC | E30: IB_2CAN_E1N003INF1.xlsx | F30: 1 | G30: 29 | I30: RES SMD 0ohm +/-5% 1/16W 0402 | J30: AC0402JR-070RL | K30: Yageo | L30: Yageo:AC0402JR-070RL | M30: 16369 | N30: 2 | O30: R7,R19 | P30: 2
A31: IB_2CAN_E1N003INF1 | B31: Thursday, March 21, 2024 | C31: 3 | D31: PanelPC | E31: IB_2CAN_E1N003INF1.xlsx | F31: 1 | G31: 30 | I31: RES SMD 0ohm +/-5% 1/16W 0402 | J31: AC0402JR-070RL | K31: Yageo | L31: Yageo:AC0402JR-070RL | M31: 16369 | N31: 1 | O31: R10 | P31: 1
A32: IB_2CAN_E1N003INF1 | B32: Thursday, March 21, 2024 | C32: 3 | D32: PanelPC | E32: IB_2CAN_E1N003INF1.xlsx | F32: 1 | G32: 31 | I32: RES SMD 100kohm +/-5% 1/16W 0402 | J32: RC0402JR-07100KL | K32: Yageo | L32: Yageo:RC0402JR-07100KL | M32: 40583 | N32: 4 | O32: R11,R23,R26,R32 | P32: 4
A33: IB_2CAN_E1N003INF1 | B33: Thursday, March 21, 2024 | C33: 3 | D33: PanelPC | E33: IB_2CAN_E1N003INF1.xlsx | F33: 1 | G33: 32 | I33: RES SMD 1Mohm +/-5% 1/4W 1206 | J33: AC1206JR-071ML | K33: Yageo | L33: Yageo:AC1206JR-071ML | M33: 26159 | N33: 2 | O33: R12,R15 | P33: 2
A34: IB_2CAN_E1N003INF1 | B34: Thursday, March 21, 2024 | C34: 3 | D34: PanelPC | E34: IB_2CAN_E1N003INF1.xlsx | F34: 1 | G34: 33 | I34: RES SMD 62ohm +/-1% 1/16W 0402 | J34: RC0402FR-0762RL | K34: Yageo | L34: Yageo:RC0402FR-0762RL | M34: 40160 | N34: 4 | O34: R21,R22,R27,R28 | P34: 4
A35: IB_2CAN_E1N003INF1 | B35: Thursday, March 21, 2024 | C35: 3 | D35: PanelPC | E35: IB_2CAN_E1N003INF1.xlsx | F35: 1 | G35: 34 | I35: RES , 0402, 10kohms, 1%, 1/16W | J35: CR0402-FX-1002-G | K35: Bourns | L35: Bourns:CR0402-FX-1002-G | M35: 2554 | N35: 3 | O35: R24,R30,R33 | P35: 3
A36: IB_2CAN_E1N003INF1 | B36: Thursday, March 21, 2024 | C36: 3 | D36: PanelPC | E36: IB_2CAN_E1N003INF1.xlsx | F36: 1 | G36: 35 | I36: RES SMD 270ohm +/-1% 1/2W 1210 | J36: AC1210FR-07270RL | K36: Yageo | L36: Yageo:AC1210FR-07270RL | M36: 27546 | N36: 2 | O36: R25,R31 | P36: 2
A37: IB_2CAN_E1N003INF1 | B37: Thursday, March 21, 2024 | C37: 3 | D37: PanelPC | E37: IB_2CAN_E1N003INF1.xlsx | F37: 1 | G37: 36 | I37: LED 2V 20mA YELLOW COLOR SMD 1.0x0.5 mm | J37: APHHS1005SYCK | K37: Kingbright | L37: Kingbright:APHHS1005SYCK | M37: 1266 | N37: 2 | O37: VD1,VD3 | P37: 2
A38: IB_2CAN_E1N003INF1 | B38: Thursday, March 21, 2024 | C38: 3 | D38: PanelPC | E38: IB_2CAN_E1N003INF1.xlsx | F38: 1 | G38: 37 | I38: LED 2.1V 20mA GREEN COLOR SMD 1.0x0.5 mm | J38: APHHS1005CGCK | K38: Kingbright | L38: Kingbright:APHHS1005CGCK | M38: 5636 | N38: 2 | O38: VD2,VD4 | P38: 2
... A45: IB_2CAN_E1N003INF1 | B45: Thursday, March 21, 2024 | C45: 3 | D45: PanelPC | E45: IB_2CAN_E1N003INF1.xlsx | F45: 1 | G45: 44 | I45: CONN SH 1.0mm WAFER SMT TOP ENTRY TYPE | J45: W9110-20PCSWXDR | K45: Hsuan Mao | L45: Hsuan Mao:W9110-20PCSWXDR | M45: 10437 | N45: 1 | O45: X3 | P45: 1
N46: =SUM(N2:N45) -> 132 | P46: =SUM(P2:P45) -> 132

Sheet IB_2RS232_E1N002INF1
A1: ID | B1: Date | C1: N | D1: Type | E1: File | F1: Count | G1: # | H1: Analog | I1: Description | J1: Manufacturer part number | K1: Mfg name | L1: Mfg part number | M1: Part number | N1: Qty | O1: Ref designator
A2: IB_2RS232_E1N002INF1 | B2: Thursday, March 21, 2024 | C2: 1 | D2: IndustrialPC | E2: IB_2RS232_E1N002INF1_BOM.xlsx | F2: 2 | G2: 1 | I2: CRYSTAL 12.0000MHZ 8PF SMD | J2: ABM8W-12.0000MHZ-8-D1X-T3 | K2: Abracon Corporation | L2: Abracon Corporation:ABM8W-12.0000MHZ-8-D1X-T3 | M2: 10191 | N2: 1 | O2: BQ1
A3: IB_2RS232_E1N002INF1 | B3: Thursday, March 21, 2024 | C3: 1 | D3: IndustrialPC | E3: IB_2RS232_E1N002INF1_BOM.xlsx | F3: 2 | G3: 2 | I3: CAP CER 0402 16V 2.2uF X6S +/-10% | J3: C1005X6S1C225K050BC | K3: TDK | L3: TDK:C1005X6S1C225K050BC | M3: 42476 | N3: 11 | O3: C1, C5, C27, C39, C48, C56, C67, C78, C89, C90, C91, C92, C93
A4: IB_2RS232_E1N002INF1 | B4: Thursday, March 21, 2024 | C4: 1 | D4: IndustrialPC | E4: IB_2RS232_E1N002INF1_BOM.xlsx | F4: 2 | G4: 3 | I4: CAP CER, 220nF, +/-10%, 16V, X7R, 0402 | J4: CL05B224KO5NNNC | K4: Samsung | L4: Samsung:CL05B224KO5NNNC | M4: 33885 | N4: 22 | O4: C2, C9, C10, C11, C13, C14, C18, C30, C31, C54, C59, C60, C61, C62, C70, C71, C72, C73, C80, C81, C82, C85
A5: IB_2RS232_E1N002INF1 | B5: Thursday, March 21, 2024 | C5: 1 | D5: IndustrialPC | E5: IB_2RS232_E1N002INF1_BOM.xlsx | F5: 2 | G5: 4 | I5: CAP CERAMIC, 0402, 0.1uF, 50V, X7R, +/-10% | J5: CL05B104KB54PNC | K5: Samsung | L5: Samsung:CL05B104KB54PNC | M5: 2054 | N5: 27 | O5: C3, C4, C7, C8, C15, C16, C19, C20, C21, C24, C25, C28, C29, C32, C33, C35, C40, C42, C43, C44, C49, C55, C57, C58, C68, C69, C79
A6: IB_2RS232_E1N002INF1 | B6: Thursday, March 21, 2024 | C6: 1 | D6: IndustrialPC | E6: IB_2RS232_E1N002INF1_BOM.xlsx | F6: 2 | G6: 5 | I6: CAP CERAMIC, 0603, 10uF, 16V, X6S, +/-20% | J6: GRM188C81C106MA73 | K6: Murata | L6: Murata:GRM188C81C106MA73 | M6: 1256 | N6: 15 | O6: C6, C12, C17, C26, C34, C36, C37, C38, C41, C45, C46, C47, C51, C52, C53
A7: IB_2RS232_E1N002INF1 | B7: Thursday, March 21, 2024 | C7: 1 | D7: IndustrialPC | E7: IB_2RS232_E1N002INF1_BOM.xlsx | F7: 2 | G7: 6 | I7: CAP CER, 0402, 10pF, 50V, C0G, +/-5% | J7: CL05C100JB5NNNC | K7: Samsung | L7: Samsung:CL05C100JB5NNNC | M7: 33765 | N7: 2 | O7: C22, C23
A8: IB_2RS232_E1N002INF1 | B8: Thursday, March 21, 2024 | C8: 1 | D8: IndustrialPC | E8: IB_2RS232_E1N002INF1_BOM.xlsx | F8: 2 | G8: 7 | I8: CAP CER 0402 10uF 10V X5R +/-20% | J8: CL05A106MP6NUN8 | K8: Samsung | L8: Samsung:CL05A106MP6NUN8 | M8: 3995 | N8: 1 | O8: C50
A9: IB_2RS232_E1N002INF1 | B9: Thursday, March 21, 2024 | C9: 1 | D9: IndustrialPC | E9: IB_2RS232_E1N002INF1_BOM.xlsx | F9: 2 | G9: 8 | I9: CAP CER, 0402, 100pF, 50V, C0G, +/-5% | J9: CL05C101JB5NNNC | K9: Samsung | L9: Samsung:CL05C101JB5NNNC | M9: 42335 | N9: 8 | O9: C63, C64, C65, C66, C74, C75, C76, C77
A10: IB_2RS232_E1N002INF1 | B10: Thursday, March 21, 2024 | C10: 1 | D10: IndustrialPC | E10: IB_2RS232_E1N002INF1_BOM.xlsx | F10: 2 | G10: 9 | I10: CAP CER 1206, 1000pF, Д…10%, 2000V, X7R | J10: CC1206KKX7RDBB102 | K10: Yageo | L10: Yageo:CC1206KKX7RDBB102 | M10: 10481 | N10: 3 | O10: C86, C87, C88
A11: IB_2RS232_E1N002INF1 | B11: Thursday, March 21, 2024 | C11: 1 | D11: IndustrialPC | E11: IB_2RS232_E1N002INF1_BOM.xlsx | F11: 2 | G11: 10 | I11: USB 2.0 PORT & DUAL UART PORTS 64-TQFP | J11: F81532U | K11: Fintek | L11: Fintek:F81532U | M11: 1482 | N11: 1 | O11: D1
A12: IB_2RS232_E1N002INF1 | B12: Thursday, March 21, 2024 | C12: 1 | D12: IndustrialPC | E12: IB_2RS232_E1N002INF1_BOM.xlsx | F12: 2 | G12: 11 | I12: SINGLE 3.3/5V RS232/RS422/RS485 MULTIPROTOCOL TRANSCEIVER 40-TQFN | J12: F81439AN | K12: Fintek | L12: Fintek:F81439AN | M12: 1505 | N12: 2 | O12: D2, D3
A13: IB_2RS232_E1N002INF1 | B13: Thursday, March 21, 2024 | C13: 1 | D13: IndustrialPC | E13: IB_2RS232_E1N002INF1_BOM.xlsx | F13: 2 | G13: 12 | I13: IC REG LINEAR 3.3V 150MA SOT89-3L | J13: RS3005-3.3YE3L | K13: Runic | L13: Runic:RS3005-3.3YE3L | M13: 10433 | N13: 1 | O13: D4
... A22: IB_2RS232_E1N002INF1 | B22: Thursday, March 21, 2024 | C22: 1 | D22: IndustrialPC | E22: IB_2RS232_E1N002INF1_BOM.xlsx | F22: 2 | G22: 21 | I22: FIXED IND 10UH 770MA 345MOHM SMD | J22: SWPA4012S100MT | K22: Sunlord | L22: Sunlord:SWPA4012S100MT | M22: 10416 | N22: 3 | O22: L6, L8, L10
A23: IB_2RS232_E1N002INF1 | B23: Thursday, March 21, 2024 | C23: 1 | D23: IndustrialPC | E23: IB_2RS232_E1N002INF1_BOM.xlsx | F23: 2 | G23: 22 | I23: Test pin | M23: 1135 | N23: 1 | O23: P23, P24, P25, P26, P29, P30, P31
A24: IB_2RS232_E1N002INF1 | B24: Thursday, March 21, 2024 | C24: 1 | D24: IndustrialPC | E24: IB_2RS232_E1N002INF1_BOM.xlsx | F24: 2 | G24: 23 | I24: RES SMD 0ohm +/-5% 1/16W 0402 | J24: AC0402JR-070RL | K24: Yageo | L24: Yageo:AC0402JR-070RL | M24: 16369 | N24: 1 | O24: R1
A25: IB_2RS232_E1N002INF1 | B25: Thursday, March 21, 2024 | C25: 1 | D25: IndustrialPC | E25: IB_2RS232_E1N002INF1_BOM.xlsx | F25: 2 | G25: 24 | I25: RES SMD 470kohm +/-1% 1/16W 0402 | J25: RC0402FR-07470KL | K25: Yageo | L25: Yageo:RC0402FR-07470KL | M25: 40031 | N25: 2 | O25: R2, R6
A26: IB_2RS232_E1N002INF1 | B26: Thursday, March 21, 2024 | C26: 1 | D26: IndustrialPC | E26: IB_2RS232_E1N002INF1_BOM.xlsx | F26: 2 | G26: 25 | I26: RES SMD 33ohm +/-1% 1/16W 0402 | J26: AC0402FR-0733RL | K26: Yageo | L26: Yageo:AC0402FR-0733RL | M26: 15165 | N26: 2 | O26: R3, R33
A27: IB_2RS232_E1N002INF1 | B27: Thursday, March 21, 2024 | C27: 1 | D27: IndustrialPC | E27: IB_2RS232_E1N002INF1_BOM.xlsx | F27: 2 | G27: 26 | I27: RES SMD 1kohm +/-1% 1/16W 0402 | J27: AC0402FR-071KL | K27: Yageo | L27: Yageo:AC0402FR-071KL | M27: 14934 | N27: 2 | O27: R4, R11
A28: IB_2RS232_E1N002INF1 | B28: Thursday, March 21, 2024 | C28: 1 | D28: IndustrialPC | E28: IB_2RS232_E1N002INF1_BOM.xlsx | F28: 2 | G28: 27 | I28: RES SMD 12kohm +/-1% 1/16W 0402 | J28: RC0402FR-0712KL | K28: Yageo | L28: Yageo:RC0402FR-0712KL | M28: 39560 | N28: 10 | O28: R5, R8, R9, R10, R18, R21, R24, R25, R26, R32
A29: IB_2RS232_E1N002INF1 | B29: Thursday, March 21, 2024 | C29: 1 | D29: IndustrialPC | E29: IB_2RS232_E1N002INF1_BOM.xlsx | F29: 2 | G29: 28 | I29: RES SMD 100kohm +/-1% 1/16W 0402 | J29: RC0402FR-07100KL | K29: Yageo | L29: Yageo:RC0402FR-07100KL | M29: 39516 | N29: 9 | O29: R7, R13, R15, R16, R27, R28, R29, R30, R31
A30: IB_2RS232_E1N002INF1 | B30: Thursday, March 21, 2024 | C30: 1 | D30: IndustrialPC | E30: IB_2RS232_E1N002INF1_BOM.xlsx | F30: 2 | G30: 29 | I30: RES SMD 270ohm +/-1% 1/2W 1210 | J30: AC1210FR-07270RL | K30: Yageo | L30: Yageo:AC1210FR-07270RL | M30: 27546 | N30: 3 | O30: R12, R14, R17
A31: IB_2RS232_E1N002INF1 | B31: Thursday, March 21, 2024 | C31: 1 | D31: IndustrialPC | E31: IB_2RS232_E1N002INF1_BOM.xlsx | F31: 2 | G31: 30 | I31: RES , 0402, 0ohms, 1/16W | J31: RC0402JR-070RL | K31: Yageo | L31: Yageo:RC0402JR-070RL | M31: 8610 | N31: 4 | O31: R19, R20, R22, R23
A32: IB_2RS232_E1N002INF1 | B32: Thursday, March 21, 2024 | C32: 1 | D32: IndustrialPC | E32: IB_2RS232_E1N002INF1_BOM.xlsx | F32: 2 | G32: 31 | I32: LED 2V 20mA 571nm GREEN COLOR SMD 0603 | J32: LTST-C190KGKT | K32: Lite-On Electronics Inc | L32: Lite-On Electronics Inc:LTST-C190KGKT | M32: 8576 | N32: 2 | O32: VD1, VD2
A33: IB_2RS232_E1N002INF1 | B33: Thursday, March 21, 2024 | C33: 1 | D33: IndustrialPC | E33: IB_2RS232_E1N002INF1_BOM.xlsx | F33: 2 | G33: 32 | I33: TVS DIODE 5VWM 18.6VC SOD523 | J33: ESD5Z5.0T1G | K33: On Semiconductor | L33: On Semiconductor:ESD5Z5.0T1G | M33: 10350 | N33: 3 | O33: VD3, VD4, VD5
A34: IB_2RS232_E1N002INF1 | B34: Thursday, March 21, 2024 | C34: 1 | D34: IndustrialPC | E34: IB_2RS232_E1N002INF1_BOM.xlsx | F34: 2 | G34: 33 | I34: TVS Diode | J34: ESD12VB7-1006 | K34: Tech Public | L34: Tech Public:ESD12VB7-1006 | M34: 10364 | N34: 10 | O34: VD6, VD7, VD8, VD9, VD10, VD11, VD12, VD13, VD15, VD16
A35: IB_2RS232_E1N002INF1 | B35: Thursday, March 21, 2024 | C35: 1 | D35: IndustrialPC | E35: IB_2RS232_E1N002INF1_BOM.xlsx | F35: 2 | G35: 34 | I35: DIODE SCHOTTKY 30V 100MA SOD323 | J35: BAT54WS | K35: SMC | L35: SMC:BAT54WS | M35: 42433 | N35: 1 | O35: VD14
... A37: IB_2RS232_E1N002INF1 | B37: Thursday, March 21, 2024 | C37: 1 | D37: IndustrialPC | E37: IB_2RS232_E1N002INF1_BOM.xlsx | F37: 2 | G37: 36 | I37: CONN Double row 1.25mm wire to board connector | J37: L-KLS1-XL4-1.25-2-10-VM | K37: KLS | L37: KLS:L-KLS1-XL4-1.25-2-10-VM | M37: 10415 | N37: 4 | O37: X1, X2, X3, X4
N38: =SUM(N2:N37) -> 202

Sheet PCIe104_INF_E1N001INF1
A1: ID | B1: Date | C1: N | D1: Type | E1: File | F1: Count | G1: # | H1: Analog | I1: Description | J1: Manufacturer part number | K1: Mfg name | L1: Mfg part number | M1: Part number | N1: Qty | O1: Ref designator | P1: Qty2
A2: PCIe104_INF_E1N001INF1 | B2: Thursday, May 16, 2024 | C2: 2 | D2: ModulePC | E2: PCIE104-INF_E1N001INF1E_MAIN.xlsx | F2: 1 | G2: 1 | I2: CRYSTAL 25.0000MHZ 12PF | J2: ABM8-25.000MHZ-12-D1X-T | K2: Abracon Corporation | L2: Abracon Corporation:ABM8-25.000MHZ-12-D1X-T | M2: 10385 | N2: 5 | O2: BQ1,BQ3,BQ4,BQ5,BQ6 | P2: 5
A3: PCIe104_INF_E1N001INF1 | B3: Thursday, May 16, 2024 | C3: 2 | D3: ModulePC | E3: PCIE104-INF_E1N001INF1E_MAIN.xlsx | F3: 1 | G3: 2 | I3: CRYSTAL 12.0000MHZ 8PF SMD | J3: ABM8W-12.0000MHZ-8-D1X-T3 | K3: Abracon Corporation | L3: Abracon Corporation:ABM8W-12.0000MHZ-8-D1X-T3 | M3: 10191 | N3: 2 | O3: BQ2,BQ9 | P3: 2
A4: PCIe104_INF_E1N001INF1 | B4: Thursday, May 16, 2024 | C4: 2 | D4: ModulePC | E4: PCIE104-INF_E1N001INF1E_MAIN.xlsx | F4: 1 | G4: 3 | I4: CRYSTAL 24.0000MHZ 18PF SMD | J4: ABM8-24.000MHZ-D1G-T | K4: Abracon Corporation | L4: Abracon Corporation:ABM8-24.000MHZ-D1G-T | M4: 42397 | N4: 1 | O4: BQ7 | P4: 1
A5: PCIe104_INF_E1N001INF1 | B5: Thursday, May 16, 2024 | C5: 2 | D5: ModulePC | E5: PCIE104-INF_E1N001INF1E_MAIN.xlsx | F5: 1 | G5: 4 | I5: CAP CER, 0805, 47uF, 6.3V, X6S, +/-20% | J5: MSASJ21GBC6476MTNA01 | K5: Taiyo Yuden | L5: Taiyo Yuden:MSASJ21GBC6476MTNA01 | M5: 42376 | N5: 6 | O5: C1,C2,C3,C4,C133,C377 | P5: 6
A6: PCIe104_INF_E1N001INF1 | B6: Thursday, May 16, 2024 | C6: 2 | D6: ModulePC | E6: PCIE104-INF_E1N001INF1E_MAIN.xlsx | F6: 1 | G6: 5 | I6: CAP CER 0603 6.3V 22uF X6S +/-20% | J6: CC0603MRX6S5BB226 | K6: Yageo | L6: Yageo:CC0603MRX6S5BB226 | M6: 42512 | N6: 14 | O6: C5,C6,C40,C41,C42,C43,C77,C78,C79,C80,C107,C108,C109,C181 | P6: 14
A7: PCIe104_INF_E1N001INF1 | B7: Thursday, May 16, 2024 | C7: 2 | D7: ModulePC | E7: PCIE104-INF_E1N001INF1E_MAIN.xlsx | F7: 1 | G7: 6 | I7: CAP CER 0805 16 V 22 uF X6S В±20% | J7: C2012X6S1C226M125AC | K7: TDK | L7: TDK:C2012X6S1C226M125AC | M7: 42386 | N7: 30 | O7: C7,C8,C9,C10,C29,C36,C37,C82,C83,C84,C86,C87,C88,C89,C91,C92,C93,C94,C95,C96,C97,C98,C99,C131,C173,C174,C175,C176,C178,C179 | P7: 30
A8: PCIe104_INF_E1N001INF1 | B8: Thursday, May 16, 2024 | C8: 2 | D8: ModulePC | E8: PCIE104-INF_E1N001INF1E_MAIN.xlsx | F8: 1 | G8: 7 | I8: CAP CER 0201 16V 0.1uF X6S +/-10% | J8: C0603X6S1C104K030BC | K8: TDK | L8: TDK:C0603X6S1C104K030BC | M8: 42485 | N8: 102 | O8: C11,C44,C45,C46,C47,C48,C49,C50,C51,C55,C67,C68,C69,C70,C71,C72,C73,C74,C81,C85,C100,C104,C105,C106,C110,C111,C112,C113,C114,C115,C116,C117,C118,C119,C120,C121,C172,C180,C192,C193,C194,C195,C209,C210,C212,C213,C214,C215,C268,C269,C270,C271,C273,C274,C288,C289,C290,C291,C292,C301,C302,C303,C304,C305,C341,C342,C343,C344,C347,C379,C381,C388,C389,C390,C391,C392,C393,C400,C401,C402,C403,C404,C405,C406,C409,C558,C733,C734,C735,C736,C737,C738,C739,C740,C741,C742,C743,C744,C745,C746,C747,C748 | P8: 102
A9: PCIe104_INF_E1N001INF1 | B9: Thursday, May 16, 2024 | C9: 2 | D9: ModulePC | E9: PCIE104-INF_E1N001INF1E_MAIN.xlsx | F9: 1 | G9: 8 | I9: CAP CER 0201 10V 0.22uF X6S +/-10% | J9: C0603X6S1A224K030BC | K9: TDK | L9: TDK:C0603X6S1A224K030BC | M9: 42429 | N9: 108 | O9: C12,C13,C14,C15,C16,C17,C18,C19,C20,C21,C22,C23,C24,C25,C30,C31,C32,C33,C34,C35,C90,C168,C169,C182,C183,C184,C185,C186,C187,C188,C189,C190,C191,C196,C197,C198,C199,C202,C203,C204,C205,C206,C207,C208,C232,C256,C293,C294,C306,C307,C353,C354,C355,C356,C357,C358,C359,C722,C723,C724,C775,C776,C777,C778,C779,C780,C781,C782,C783,C784,C785,C786,C787,C788,C789,C790,C791,C792,C793,C794,C795,C796,C797,C798,C799,C800,C801,C802,C803,C804,C805,C806,C807,C808,C811,C812,C813,C814,C815,C816,C819,C820,C821,C822,C823,C824,C825,C826 | P9: 108
A10: PCIe104_INF_E1N001INF1 | B10: Thursday, May 16, 2024 | C10: 2 | D10: ModulePC | E10: PCIE104-INF_E1N001INF1E_MAIN.xlsx | F10: 1 | G10: 9 | I10: CAP CER 0201 10V 1uF X6S +/-20% | J10: CM03X6S105M10AH | K10: Kyocera | L10: Kyocera:CM03X6S105M10AH | M10: 42491 | N10: 29 | O10: C26,C28,C142,C143,C144,C145,C146,C147,C148,C149,C150,C151,C152,C153,C154,C155,C156,C157,C158,C159,C160,C161,C162,C163,C164,C165,C166,C167,C350 | P10: 29
A11: PCIe104_INF_E1N001INF1 | B11: Thursday, May 16, 2024 | C11: 2 | D11: ModulePC | E11: PCIE104-INF_E1N001INF1E_MAIN.xlsx | F11: 1 | G11: 10 | I11: CAP CER 0603 16V 10uF X6S +/-20% | J11: CL10X106MO8NRN | K11: Samsung | L11: Samsung:CL10X106MO8NRN | M11: 42431 | N11: 17 | O11: C27,C225,C226,C228,C229,C230,C351,C352,C758,C759,C760,C761,C762,C763,C764,C765,C766 | P11: 17
A12: PCIe104_INF_E1N001INF1 | B12: Thursday, May 16, 2024 | C12: 2 | D12: ModulePC | E12: PCIE104-INF_E1N001INF1E_MAIN.xlsx | F12: 1 | G12: 11 | I12: CAP CER 0402 25V 120pF C0G/NP0 +/-5% | J12: 0402N121J250CT | K12: Walsin Technology Corp. | L12: Walsin:0402N121J250CT | M12: 42556 | N12: 2 | O12: C38,C39 | P12: 2
A13: PCIe104_INF_E1N001INF1 | B13: Thursday, May 16, 2024 | C13: 2 | D13: ModulePC | E13: PCIE104-INF_E1N001INF1E_MAIN.xlsx | F13: 1 | G13: 12 | I13: CAP CER 0402 16V 2.2uF X6S +/-10% | J13: C1005X6S1C225K050BC | K13: TDK | L13: TDK:C1005X6S1C225K050BC | M13: 42476 | N13: 5 | O13: C52,C135,C707,C708,C709 | P13: 5
... A71: PCIe104_INF_E1N001INF1 | B71: Thursday, May 16, 2024 | C71: 2 | D71: ModulePC | E71: PCIE104-INF_E1N001INF1E_MAIN.xlsx | F71: 1 | G71: 70 | I71: IND 1uH +/-20% 12.2A 7.6mOhm 5.5x5.3x3.1mm SMD | J71: PA5003.102NLT | K71: Pulse Electronics Corporation | L71: Pulse Electronics Corporation:PA5003.102NLT | M71: 42525 | N71: 1 | O71: L8 | P71: 1
A72: PCIe104_INF_E1N001INF1 | B72: Thursday, May 16, 2024 | C72: 2 | D72: ModulePC | E72: PCIE104-INF_E1N001INF1E_MAIN.xlsx | F72: 1 | G72: 71 | I72: IND, 0201, 80 ohms, 1,2 A, DCR 95 mOhm | M72: 10520 | N72: 8 | O72: L9,L19,L29,L32,L35,L38,L39,L90 | P72: 8
A73: PCIe104_INF_E1N001INF1 | B73: Thursday, May 16, 2024 | C73: 2 | D73: ModulePC | E73: PCIE104-INF_E1N001INF1E_MAIN.xlsx | F73: 1 | G73: 72 | I73: IND, 3.3uH, +/-30%, 3.4A, 24mOhm, 5x5x4.2mm SMD | J73: TYS50403R3N-10 | K73: Laird Technologies | L73: Laird:TYS50403R3N-10 | M73: 33855 | N73: 2 | O73: L11,L14 | P73: 2
A74: PCIe104_INF_E1N001INF1 | B74: Thursday, May 16, 2024 | C74: 2 | D74: ModulePC | E74: PCIE104-INF_E1N001INF1E_MAIN.xlsx | F74: 1 | G74: 73 | I74: FIXED IND 10UH 770MA 345MOHM SMD | J74: SWPA4012S100MT | K74: Sunlord | L74: Sunlord:SWPA4012S100MT | M74: 10416 | N74: 3 | O74: L12,L91,L92 | P74: 3
A75: PCIe104_INF_E1N001INF1 | B75: Thursday, May 16, 2024 | C75: 2 | D75: ModulePC | E75: PCIE104-INF_E1N001INF1E_MAIN.xlsx | F75: 1 | G75: 74 | I75: 300 Ohm 400mA, Common mode choke coil | J75: SDCW2520S-2-301TF | K75: Sunlord | L75: Sunlord:SDCW2520S-2-301TF | M75: 10354 | N75: 1 | O75: L13 | P75: 1
A76: PCIe104_INF_E1N001INF1 | B76: Thursday, May 16, 2024 | C76: 2 | D76: ModulePC | E76: PCIE104-INF_E1N001INF1E_MAIN.xlsx | F76: 1 | G76: 75 | I76: IND, 0201, 22Ohms, 1.9A, DCR 36mOhm | J76: MPZ0603S220HT000 | K76: TDK | L76: TDK:MPZ0603S220HT000 | M76: 33933 | N76: 8 | O76: L15,L18,L30,L31,L33,L34,L36,L37 | P76: 8
A77: PCIe104_INF_E1N001INF1 | B77: Thursday, May 16, 2024 | C77: 2 | D77: ModulePC | E77: PCIE104-INF_E1N001INF1E_MAIN.xlsx | F77: 1 | G77: 76 | I77: IND, 1uH, +/-20%, 4.1A , 22mOhm, 1210 SMD | J77: DFE32CAH1R0MR0L | K77: Murata | L77: Murata:DFE32CAH1R0MR0L | M77: 42360 | N77: 2 | O77: L16,L17 | P77: 2
A78: PCIe104_INF_E1N001INF1 | B78: Thursday, May 16, 2024 | C78: 2 | D78: ModulePC | E78: PCIE104-INF_E1N001INF1E_MAIN.xlsx | F78: 1 | G78: 77 | I78: IND, 0201, 600Ohm, 280mA, DCR 0.75Ohm | M78: 42481 | N78: 16 | O78: L21,L22,L23,L24,L25,L26,L27,L28,L79,L80,L81,L82,L83,L84,L85,L86 | P78: 16
A79: PCIe104_INF_E1N001INF1 | B79: Thursday, May 16, 2024 | C79: 2 | D79: ModulePC | E79: PCIE104-INF_E1N001INF1E_MAIN.xlsx | F79: 1 | G79: 78 | I79: Test Points, 1mm DIA | M79: 10295 | N79: 26 | O79: P1,P2,P3,P4,P6,P7,P30,P31,P39,TP1,TP2,TP3,TP4,TP5,TP6,TP7,TP8,TP9,TP10,TP11,TP12,TP13,TP14,TP15,TP16,TP17 | P79: 26
A80: PCIe104_INF_E1N001INF1 | B80: Thursday, May 16, 2024 | C80: 2 | D80: ModulePC | E80: PCIE104-INF_E1N001INF1E_MAIN.xlsx | F80: 1 | G80: 79 | I80: Test pin | M80: 1135 | N80: 98 | O80: P5,P8,P9,P10,P11,P12,P13,P14,P15,P16,P17,P18,P19,P20,P21,P22,P23,P24,P25,P26,P27,P28,P29,P32,P33,P34,P35,P36,P37,P38,P40,P41,P42,P43,P44,P45,P46,P47,P48,P49,P50,P51,P52,P53,P54,P55,P56,P57,P58,P59,P60,P61,P62,P63,P64,P65,P66,P67,P68,P69,P70,P71,P72,P73,P74,P75,P76,P77,P78,P79,P80,P81,P82,P83,P84,P85,P86,P87,P88,P89,P90,P91,P92,P93,P94,P95,P96,P97,P98,P99,P100,P101,P102,P103,P104,P105,P106,P107 | P80: 98
A81: PCIe104_INF_E1N001INF1 | B81: Thursday, May 16, 2024 | C81: 2 | D81: ModulePC | E81: PCIE104-INF_E1N001INF1E_MAIN.xlsx | F81: 1 | G81: 80 | I81: RES SMD 10kohm +/-1% 1/20W 0201 | J81: RC0201FR-0710KL | K81: Yageo | L81: Yageo:RC0201FR-0710KL | M81: 37742 | N81: 60 | O81: R1,R2,R3,R11,R17,R18,R75,R78,R79,R81,R82,R83,R85,R86,R88,R135,R136,R137,R138,R139,R140,R141,R142,R143,R144,R145,R146,R147,R148,R149,R158,R159,R160,R161,R162,R163,R184,R185,R186,R190,R191,R192,R194,R195,R201,R202,R203,R204,R205,R206,R207,R208,R209,R210,R211,R212,R213,R214,R216,R217 | P81: 60
A82: PCIe104_INF_E1N001INF1 | B82: Thursday, May 16, 2024 | C82: 2 | D82: ModulePC | E82: PCIE104-INF_E1N001INF1E_MAIN.xlsx | F82: 1 | G82: 81 | I82: RES SMD 270ohm +/-5% 1/2W 1210 | J82: RC1210JR-07270RL | K82: Yageo | L82: Yageo:RC1210JR-07270RL | M82: 28170 | N82: 1 | O82: R5 | P82: 1
A83: PCIe104_INF_E1N001INF1 | B83: Thursday, May 16, 2024 | C83: 2 | D83: ModulePC | E83: PCIE104-INF_E1N001INF1E_MAIN.xlsx | F83: 1 | G83: 82 | I83: RES SMD 10kohm +/-1% 1/20W 0201 | J83: AC0201FR-0710KL | K83: Yageo | L83: Yageo:AC0201FR-0710KL | M83: 12197 | N83: 3 | O83: R6,R58,R59 | P83: 3
A84: PCIe104_INF_E1N001INF1 | B84: Thursday, May 16, 2024 | C84: 2 | D84: ModulePC | E84: PCIE104-INF_E1N001INF1E_MAIN.xlsx | F84: 1 | G84: 83 | I84: RES SMD 470kohm +/-1% 1/20W 0201 | J84: RC0201FR-07470KL | K84: Yageo | L84: Yageo:RC0201FR-07470KL | M84: 38241 | N84: 2 | O84: R7,R352 | P84: 2
A85: PCIe104_INF_E1N001INF1 | B85: Thursday, May 16, 2024 | C85: 2 | D85: ModulePC | E85: PCIE104-INF_E1N001INF1E_MAIN.xlsx | F85: 1 | G85: 84 | I85: RES SMD 0ohm +/-5% 1/20W 0201 | J85: RC0201JR-070RL | K85: Yageo | L85: Yageo:RC0201JR-070RL | M85: 38555 | N85: 3 | O85: R8,R80,R335 | P85: 3
A86: PCIe104_INF_E1N001INF1 | B86: Thursday, May 16, 2024 | C86: 2 | D86: ModulePC | E86: PCIE104-INF_E1N001INF1E_MAIN.xlsx | F86: 1 | G86: 85 | I86: RES SMD 12.1kohm +/-1% 1/20W 0201 | J86: RC0201FR-0712K1L | K86: Yageo | L86: Yageo:RC0201FR-0712K1L | M86: 37772 | N86: 2 | O86: R9,R10 | P86: 2
A87: PCIe104_INF_E1N001INF1 | B87: Thursday, May 16, 2024 | C87: 2 | D87: ModulePC | E87: PCIE104-INF_E1N001INF1E_MAIN.xlsx | F87: 1 | G87: 86 | I87: RES SMD 100kohm +/-1% 1/20W 0201 | J87: RC0201FR-07100KL | K87: Yageo | L87: Yageo:RC0201FR-07100KL | M87: 37731 | N87: 62 | O87: R14,R15,R16,R30,R31,R32,R33,R34,R35,R36,R37,R38,R39,R40,R41,R42,R43,R44,R45,R46,R47,R48,R49,R50,R51,R52,R53,R54,R55,R56,R57,R61,R74,R87,R90,R123,R124,R126,R127,R129,R130,R154,R155,R156,R157,R165,R166,R168,R169,R170,R172,R174,R187,R188,R189,R193,R197,R198,R200,R230,R231,R236 | P87: 62
A88: PCIe104_INF_E1N001INF1 | B88: Thursday, May 16, 2024 | C88: 2 | D88: ModulePC | E88: PCIE104-INF_E1N001INF1E_MAIN.xlsx | F88: 1 | G88: 87 | I88: RES SMD 1kohm +/-1% 1/20W 0201 | J88: RC0201FR-071KL | K88: Yageo | L88: Yageo:RC0201FR-071KL | M88: 37891 | N88: 9 | O88: R20,R21,R22,R62,R76,R77,R84,R171,R221 | P88: 9
A89: PCIe104_INF_E1N001INF1 | B89: Thursday, May 16, 2024 | C89: 2 | D89: ModulePC | E89: PCIE104-INF_E1N001INF1E_MAIN.xlsx | F89: 1 | G89: 88 | I89: RES SMD 360ohm +/-1% 1/16W 0402 | J89: RC0402FR-07360RL | K89: Yageo | L89: Yageo:RC0402FR-07360RL | M89: 39927 | N89: 6 | O89: R24,R27,R28,R71,R100,R133 | P89: 6
A90: PCIe104_INF_E1N001INF1 | B90: Thursday, May 16, 2024 | C90: 2 | D90: ModulePC | E90: PCIE104-INF_E1N001INF1E_MAIN.xlsx | F90: 1 | G90: 89 | I90: RES SMD 1kohm +/-1% 1/20W 0201 | J90: AC0201FR-101KL | K90: Yageo | L90: Yageo:AC0201FR-101KL | M90: 12346 | N90: 8 | O90: R25,R29,R176,R177,R178,R218,R219,R220 | P90: 8
A91: PCIe104_INF_E1N001INF1 | B91: Thursday, May 16, 2024 | C91: 2 | D91: ModulePC | E91: PCIE104-INF_E1N001INF1E_MAIN.xlsx | F91: 1 | G91: 90 | I91: RES SMD 75ohm +/-1% 1/10W 0603 | J91: RC0603FR-0775RL | K91: Yageo | L91: Yageo:RC0603FR-0775RL | M91: 18211 | N91: 16 | O91: R26,R99,R101,R103,R107,R108,R109,R110,R111,R112,R113,R114,R115,R116,R117,R118 | P91: 16
A92: PCIe104_INF_E1N001INF1 | B92: Thursday, May 16, 2024 | C92: 2 | D92: ModulePC | E92: PCIE104-INF_E1N001INF1E_MAIN.xlsx | F92: 1 | G92: 91 | I92: RES SMD 4.7kohm +/-1% 1/20W 0201 | J92: RC0201FR-074K7L | K92: Yageo | L92: Yageo:RC0201FR-074K7L | M92: 38266 | N92: 15 | O92: R60,R63,R64,R65,R150,R151,R152,R153,R164,R179,R180,R235,R237,R239,R240 | P92: 15
... A133: PCIe104_INF_E1N001INF1 | B133: Thursday, May 16, 2024 | C133: 2 | D133: ModulePC | E133: PCIE104-INF_E1N001INF1E_MAIN.xlsx | F133: 1 | G133: 132 | I133: CONN 4POS 1.25MM PITCH SMT MALE VERT | J133: L-KLS1-XL8-1.25-04-VM | K133: KLS electronic | L133: KLS:L-KLS1-XL8-1.25-04-VM | M133: 42405 | N133: 1 | O133: X9 | P133: 1
A134: PCIe104_INF_E1N001INF1 | B134: Thursday, May 16, 2024 | C134: 2 | D134: ModulePC | E134: PCIE104-INF_E1N001INF1E_MAIN.xlsx | F134: 1 | G134: 133 | M134: 42590 | N134: 4 | O134: X11,X12,X13,X14 | P134: 4
A135: PCIe104_INF_E1N001INF1 | B135: Thursday, May 16, 2024 | C135: 2 | D135: ModulePC | E135: PCIE104-INF_E1N001INF1E_MAIN.xlsx | F135: 1 | G135: 134 | I135: CONN FASTENERS SMTSO | J135: SMTSO-M2-2ET | K135: PennEngineering | L135: PennEngineering:SMTSO-M2-2ET | M135: 4415 | N135: 2 | O135: X15,X16 | P135: 2
N136: =SUM(N2:N135) -> 1068 | P136: =SUM(P2:P135) -> 1068

Sheet EM-PCIE104-CPU_E1E001CPU1E
A1: ID | B1: Date | C1: N | D1: Type | E1: File | F1: Count | G1: # | H1: Analog | I1: Description | J1: Manufacturer part number | K1: Mfg name | L1: Mfg part number | M1: Part number | N1: Qty | O1: Ref designator | P1: Qty2
A2: EM-PCIE104-CPU_E1E001CPU1E | B2: Friday, May 03, 2024 | C2: 2 | D2: ModulePC | E2: PCIe104_2C3-1_E1E002CPU1_MAIN.xlsx | F2: 1 | G2: 1 | I2: CRYSTAL 25.0000MHZ 12PF | J2: ABM8-25.000MHZ-12-D1X-T | K2: Abracon Corporation | L2: Abracon Corporation:ABM8-25.000MHZ-12-D1X-T | M2: 10385 | N2: 3 | O2: BQ1,BQ2,BQ3 | P2: 3
A3: EM-PCIE104-CPU_E1E001CPU1E | B3: Friday, May 03, 2024 | C3: 2 | D3: ModulePC | E3: PCIe104_2C3-1_E1E002CPU1_MAIN.xlsx | F3: 1 | G3: 2 | I3: CRYSTAL 12.0000MHZ 8PF SMD | J3: ABM8W-12.0000MHZ-8-D1X-T3 | K3: Abracon Corporation | L3: Abracon Corporation:ABM8W-12.0000MHZ-8-D1X-T3 | M3: 10191 | N3: 1 | O3: BQ5 | P3: 1
A4: EM-PCIE104-CPU_E1E001CPU1E | B4: Friday, May 03, 2024 | C4: 2 | D4: ModulePC | E4: PCIe104_2C3-1_E1E002CPU1_MAIN.xlsx | F4: 1 | G4: 3 | I4: CAP CER 0201 10V 1uF X6S +/-20% | J4: CM03X6S105M10AH | K4: Kyocera | L4: Kyocera:CM03X6S105M10AH | M4: 42491 | N4: 254 | O4: C1,C2,C3,C4,C5,C31,C32,C33,C34,C35,C36,C37,C38,C41,C42,C45,C46,C48,C49,C50,C51,C52,C53,C54,C55,C119,C120,C121,C122,C123,C164,C165,C166,C167,C168,C240,C241,C242,C244,C251,C252,C253,C256,C257,C261,C262,C263,C264,C265,C266,C267,C268,C269,C270,C271,C272,C273,C274,C275,C276,C277,C278,C360,C362,C369,C370,C371,C372,C373,C374,C375,C376,C377,C378,C379,C380,C381,C382,C383,C384,C385,C386,C387,C388,C389,C390,C391,C392,C393,C394,C434,C438,C439,C441,C442,C443,C482,C509,C554,C650,C651,C675,C689,C696,C727,C728,C729,C730,C731,C732,C733,C734,C735,C736,C737,C750,C751,C752,C753,C754,C755,C756,C757,C758,C759,C760,C761,C762,C763,C764,C765,C766,C767,C768,C769,C770,C771,C772,C773,C774,C775,C776,C777,C778,C779,C780,C781,C782,C783,C784,C785,C825,C826,C827,C828,C829,C830,C831,C832,C833,C834,C835,C836,C837,C838,C839,C840,C841,C842,C843,C844,C845,C846,C847,C848,C849,C850,C851,C852,C853,C854,C855,C856,C857,C858,C859,C860,C861,C862,C863,C864,C865,C866,C867,C868,C869,C870,C871,C872,C873,C874,C875,C876,C877,C878,C879,C880,C881,C882,C883,C884,C897,C898,C899,C900,C901,C902,C903,C904,C905,C906,C907,C908,C950,C951,C952,C954,C956,C1168,C1175,C1176,C1177,C1178,C1179,C1180,C1181,C1182,C1183,C1184,C1185,C1186,C1205,C1206,C1207,C1208,C1209,C1210,C1211,C1212,C1213,C1214,C1215,C1216,C1217 | P4: 254
A5: EM-PCIE104-CPU_E1E001CPU1E | B5: Friday, May 03, 2024 | C5: 2 | D5: ModulePC | E5: PCIe104_2C3-1_E1E002CPU1_MAIN.xlsx | F5: 1 | G5: 4 | I5: CAP CER 0201 10V 0.22uF X6S +/-10% | J5: C0603X6S1A224K030BC | K5: TDK | L5: TDK:C0603X6S1A224K030BC | M5: 42429 | N5: 218 | O5: C6,C47,C96,C97,C98,C99,C107,C109,C110,C111,C114,C115,C147,C156,C157,C158,C159,C160,C161,C162,C163,C177,C178,C179,C180,C181,C182,C183,C184,C188,C189,C190,C191,C192,C193,C194,C195,C196,C200,C201,C202,C203,C204,C205,C206,C207,C208,C212,C213,C214,C215,C216,C217,C218,C219,C220,C224,C225,C226,C227,C228,C229,C230,C231,C232,C233,C234,C322,C323,C328,C329,C330,C331,C334,C336,C347,C348,C349,C350,C351,C352,C353,C354,C355,C356,C357,C358,C359,C361,C403,C409,C410,C447,C449,C450,C458,C486,C508,C513,C568,C571,C965,C997,C998,C999,C1000,C1025,C1026,C1027,C1030,C1031,C1034,C1035,C1038,C1039,C1042,C1043,C1044,C1045,C1046,C1047,C1048,C1049,C1050,C1051,C1052,C1053,C1054,C1055,C1056,C1057,C1058,C1059,C1060,C1061,C1062,C1063,C1064,C1065,C1066,C1067,C1068,C1069,C1070,C1071,C1072,C1073,C1074,C1075,C1092,C1093,C1094,C1095,C1096,C1097,C1098,C1099,C1100,C1101,C1102,C1103,C1104,C1105,C1106,C1107,C1108,C1109,C1110,C1111,C1112,C1113,C1114,C1115,C1116,C1117,C1118,C1119,C1120,C1121,C1122,C1123,C1124,C1125,C1126,C1127,C1128,C1129,C1130,C1131,C1132,C1133,C1134,C1135,C1136,C1137,C1138,C1139,C1140,C1143,C1144,C1145,C1146,C1147,C1148,C1149,C1150,C1151,C1152,C1153,C1154,C1155,C1156,C1157,C1158,C1167,C1172,C1173,C1174 | P5: 218
A6: EM-PCIE104-CPU_E1E001CPU1E | B6: Friday, May 03, 2024 | C6: 2 | D6: ModulePC | E6: PCIe104_2C3-1_E1E002CPU1_MAIN.xlsx | F6: 1 | G6: 5 | I6: CAP CER 0201 16V 0.1uF X6S +/-10% | J6: C0603X6S1C104K030BC | K6: TDK | L6: TDK:C0603X6S1C104K030BC | M6: 42485 | N6: 248 | O6: C7,C9,C10,C11,C14,C15,C16,C17,C18,C19,C21,C22,C237,C279,C280,C281,C282,C283,C284,C294,C295,C296,C297,C298,C299,C300,C301,C302,C303,C304,C305,C313,C333,C337,C338,C339,C340,C344,C345,C396,C399,C411,C412,C413,C414,C418,C419,C420,C424,C425,C429,C430,C431,C435,C444,C445,C446,C448,C451,C452,C453,C454,C455,C456,C459,C460,C462,C464,C465,C466,C467,C469,C470,C471,C472,C473,C474,C475,C476,C477,C478,C479,C480,C483,C484,C493,C500,C501,C503,C504,C505,C510,C511,C512,C514,C515,C516,C517,C518,C519,C520,C521,C522,C523,C524,C525,C526,C527,C528,C529,C530,C531,C532,C533,C534,C535,C536,C537,C538,C539,C540,C541,C542,C543,C544,C545,C546,C547,C548,C549,C550,C551,C555,C558,C559,C560,C561,C562,C563,C566,C573,C574,C575,C581,C582,C583,C584,C585,C586,C587,C588,C589,C590,C591,C592,C594,C596,C597,C598,C599,C601,C603,C604,C605,C609,C610,C611,C622,C624,C632,C633,C644,C645,C655,C656,C658,C738,C739,C740,C741,C742,C743,C744,C745,C746,C747,C748,C749,C800,C801,C802,C803,C804,C818,C822,C885,C886,C887,C888,C889,C890,C891,C892,C893,C894,C895,C896,C939,C940,C941,C942,C953,C957,C966,C970,C971,C972,C973,C974,C975,C976,C995,C996,C1006,C1012,C1013,C1014,C1015,C1016,C1017,C1018,C1019,C1028,C1029,C1032,C1033,C1036,C1037,C1040,C1041,C1163,C1164,C1165,C1166,C1195,C1197,C1200,C1202 | P6: 248
A7: EM-PCIE104-CPU_E1E001CPU1E | B7: Friday, May 03, 2024 | C7: 2 | D7: ModulePC | E7: PCIe104_2C3-1_E1E002CPU1_MAIN.xlsx | F7: 1 | G7: 6 | I7: CAP CER 0201 16V 0.047uF X6S +/-20% | J7: C0603X6S1C473M030BC | K7: TDK | L7: TDK:C0603X6S1C473M030BC | M7: 42486 | N7: 4 | O7: C8,C293,C944,C981 | P7: 4
A8: EM-PCIE104-CPU_E1E001CPU1E | B8: Friday, May 03, 2024 | C8: 2 | D8: ModulePC | E8: PCIe104_2C3-1_E1E002CPU1_MAIN.xlsx | F8: 1 | G8: 7 | I8: CAP CER 0805 6,3 V 47 uF X6S В±20% | J8: CL21X476MQYNNWE | K8: Samsung | L8: Samsung:CL21X476MQYNNWE | M8: 42371 | N8: 5 | O8: C12,C13,C408,C1203,C1204 | P8: 5
A9: EM-PCIE104-CPU_E1E001CPU1E | B9: Friday, May 03, 2024 | C9: 2 | D9: ModulePC | E9: PCIe104_2C3-1_E1E002CPU1_MAIN.xlsx | F9: 1 | G9: 8 | I9: CAP CER 0201 25V 0.01uF X7R +/-10% | J9: CC0201KRX7R8BB103 | K9: Yageo | L9: Yageo:CC0201KRX7R8BB103 | M9: 42501 | N9: 42 | O9: C20,C426,C506,C507,C556,C564,C565,C567,C569,C570,C576,C577,C578,C579,C580,C786,C787,C788,C789,C790,C909,C910,C911,C912,C913,C914,C1076,C1077,C1078,C1079,C1080,C1081,C1082,C1083,C1084,C1085,C1086,C1087,C1088,C1089,C1090,C1091 | P9: 42
A10: EM-PCIE104-CPU_E1E001CPU1E | B10: Friday, May 03, 2024 | C10: 2 | D10: ModulePC | E10: PCIe104_2C3-1_E1E002CPU1_MAIN.xlsx | F10: 1 | G10: 9 | I10: CAP CER 0603 6.3V 22uF X6S +/-20% | J10: CC0603MRX6S5BB226 | K10: Yageo | L10: Yageo:CC0603MRX6S5BB226 | M10: 42512 | N10: 46 | O10: C23,C24,C25,C26,C27,C28,C29,C30,C39,C40,C43,C44,C117,C118,C247,C248,C249,C250,C255,C400,C401,C795,C796,C797,C798,C799,C920,C921,C922,C923,C924,C925,C926,C927,C928,C1003,C1004,C1159,C1160,C1161,C1162,C1187,C1188,C1189,C1190,C1191 | P10: 46
A11: EM-PCIE104-CPU_E1E001CPU1E | B11: Friday, May 03, 2024 | C11: 2 | D11: ModulePC | E11: PCIe104_2C3-1_E1E002CPU1_MAIN.xlsx | F11: 1 | G11: 10 | I11: CAP CER 0201 10V 0.47uF X6S +/-10% | J11: LMK063BC6474KPLF | K11: Taiyo Yuden | L11: Taiyo Yuden:LMK063BC6474KPLF | M11: 42492 | N11: 115 | O11: C56,C57,C58,C59,C60,C61,C62,C63,C64,C65,C66,C67,C68,C69,C70,C71,C72,C73,C74,C75,C76,C77,C78,C79,C80,C81,C82,C83,C84,C85,C86,C87,C88,C89,C90,C91,C92,C93,C94,C95,C100,C101,C102,C103,C104,C105,C106,C108,C112,C113,C116,C124,C125,C126,C127,C128,C129,C130,C131,C132,C133,C134,C135,C136,C137,C138,C139,C140,C141,C142,C143,C144,C145,C146,C148,C149,C150,C151,C152,C153,C154,C155,C169,C170,C171,C172,C173,C174,C175,C176,C185,C186,C187,C197,C198,C199,C209,C210,C211,C221,C222,C223,C235,C236,C457,C468,C572,C686,C687,C811,C812,C813,C814,C1141,C1142 | P11: 115
A12: EM-PCIE104-CPU_E1E001CPU1E | B12: Friday, May 03, 2024 | C12: 2 | D12: ModulePC | E12: PCIe104_2C3-1_E1E002CPU1_MAIN.xlsx | F12: 1 | G12: 11 | I12: CAP FEEDTHRU 0.1uF +/-20% 16V 0402 | J12: YFF15PC1C104MT000N | K12: TDK | L12: TDK:YFF15PC1C104MT000N | M12: 33762 | N12: 3 | O12: C238,C239,C626 | P12: 3
A13: EM-PCIE104-CPU_E1E001CPU1E | B13: Friday, May 03, 2024 | C13: 2 | D13: ModulePC | E13: PCIe104_2C3-1_E1E002CPU1_MAIN.xlsx | F13: 1 | G13: 12 | I13: CAP CER 0402 6.3V 10uF X6S +/-20% | J13: HGC0402S6106M6R3NTEJ | K13: Chinocera | L13: Chinocera:HGC0402S6106M6R3NTEJ | M13: 42571 | N13: 35 | O13: C243,C245,C246,C258,C259,C260,C404,C405,C406,C407,C557,C593,C614,C615,C617,C618,C619,C643,C646,C688,C690,C691,C692,C693,C791,C792,C793,C794,C915,C916,C917,C918,C919,C933,C1010 | P13: 35
... A194: EM-PCIE104-CPU_E1E001CPU1E | B194: Friday, May 03, 2024 | C194: 2 | D194: ModulePC | E194: PCIe104_2C3-1_E1E002CPU1_MAIN.xlsx | F194: 1 | G194: 193 | I194: CONN 3POS 1.25MM SMT MALE VERT | J194: L-KLS1-XL8-1.25-03-VM | K194: KLS electronic | L194: KLS:L-KLS1-XL8-1.25-03-VM | M194: 42601 | N194: 1 | O194: X14 | P194: 1
A195: EM-PCIE104-CPU_E1E001CPU1E | B195: Friday, May 03, 2024 | C195: 2 | D195: ModulePC | E195: PCIe104_2C3-1_E1E002CPU1_MAIN.xlsx | F195: 1 | G195: 194 | M195: 42590 | N195: 4 | O195: X15,X16,X17,X18 | P195: 4
N196: =SUM(N2:N195) -> 1948 | P196: =SUM(P2:P195) -> 1948

Sheet PCIe104_CON_E1N005INF1
A1: ID | B1: Date | C1: N | D1: Type | E1: File | F1: Count | G1: # | H1: Analog | I1: Description | J1: Manufacturer part number | K1: Mfg name | L1: Mfg part number | M1: Part number | N1: Qty | O1: Ref designator | P1: Qty2
A2: PCIe104_CON_E1N005INF1 | B2: Tuesday, July 02, 2024 | C2: 2 | D2: ModulePC | E2: PCIe104_CON_E1N005INF1.xlsx | F2: 1 | G2: 1 | I2: CAP FEEDTHRU 0.1uF +/-20% 16V 0402 | J2: YFF15PC1C104MT000N | K2: TDK | L2: TDK:YFF15PC1C104MT000N | M2: 33762 | N2: 5 | O2: C1,C7,C8,C15,C16 | P2: 5
A3: PCIe104_CON_E1N005INF1 | B3: Tuesday, July 02, 2024 | C3: 2 | D3: ModulePC | E3: PCIe104_CON_E1N005INF1.xlsx | F3: 1 | G3: 2 | I3: CAP CERAMIC, 0402, 0.1uF, 50V, X7R, +/-10% | J3: CL05B104KB54PNC | K3: Samsung | L3: Samsung:CL05B104KB54PNC | M3: 2054 | N3: 11 | O3: C2,C3,C4,C6,C9,C10,C17,C18,C56,C57,C67 | P3: 11
A4: PCIe104_CON_E1N005INF1 | B4: Tuesday, July 02, 2024 | C4: 2 | D4: ModulePC | E4: PCIe104_CON_E1N005INF1.xlsx | F4: 1 | G4: 3 | I4: CAP CER 0402 16V 2.2uF X6S +/-10% | J4: EMK105CC6225KV-F | K4: Taiyo Yuden | L4: Taiyo Yuden:EMK105CC6225KV-F | M4: 42479 | N4: 1 | O4: C5 | P4: 1
A5: PCIe104_CON_E1N005INF1 | B5: Tuesday, July 02, 2024 | C5: 2 | D5: ModulePC | E5: PCIe104_CON_E1N005INF1.xlsx | F5: 1 | G5: 4 | I5: CAP CER 0805 100V 1uF X7R +/-10% | J5: CC0805KKX7R0BB105 | K5: Yageo | L5: Yageo:CC0805KKX7R0BB105 | M5: 42504 | N5: 3 | O5: C11,C14,C76 | P5: 3
A6: PCIe104_CON_E1N005INF1 | B6: Tuesday, July 02, 2024 | C6: 2 | D6: ModulePC | E6: PCIe104_CON_E1N005INF1.xlsx | F6: 1 | G6: 5 | I6: CAP CER SAFETY X2 1812 2.5KV 4.7nF X7R +/-10% | J6: FH12X472K302EGG | K6: Passive System Alliance | L6: PSA:FH12X472K302EGG | M6: 42576 | N6: 4 | O6: C12,C13,C77,C78 | P6: 4
A7: PCIe104_CON_E1N005INF1 | B7: Tuesday, July 02, 2024 | C7: 2 | D7: ModulePC | E7: PCIe104_CON_E1N005INF1.xlsx | F7: 1 | G7: 6 | I7: CAP CER 0805 16 V 22 uF X6S В±20% | J7: C2012X6S1C226M125AC | K7: TDK | L7: TDK:C2012X6S1C226M125AC | M7: 42386 | N7: 4 | O7: C19,C20,C21,C22 | P7: 4
A8: PCIe104_CON_E1N005INF1 | B8: Tuesday, July 02, 2024 | C8: 2 | D8: ModulePC | E8: PCIe104_CON_E1N005INF1.xlsx | F8: 1 | G8: 7 | I8: CAP CER 220PF 50V X7R 0402 +/-5% | J8: CL05C221JB5NNNC | K8: Samsung | L8: Samsung:CL05C221JB5NNNC | M8: 4095 | N8: 4 | O8: C23,C24,C25,C26 | P8: 4
A9: PCIe104_CON_E1N005INF1 | B9: Tuesday, July 02, 2024 | C9: 2 | D9: ModulePC | E9: PCIe104_CON_E1N005INF1.xlsx | F9: 1 | G9: 8 | I9: CAP CER, 0402, 100pF, 50V, C0G, +/-5% | J9: CL05C101JB5NNNC | K9: Samsung | L9: Samsung:CL05C101JB5NNNC | M9: 42335 | N9: 29 | O9: C27,C28,C29,C30,C31,C32,C33,C34,C35,C36,C37,C38,C39,C40,C41,C42,C43,C44,C45,C46,C47,C48,C49,C50,C51,C52,C53,C54,C55 | P9: 29
A10: PCIe104_CON_E1N005INF1 | B10: Tuesday, July 02, 2024 | C10: 2 | D10: ModulePC | E10: PCIe104_CON_E1N005INF1.xlsx | F10: 1 | G10: 9 | I10: CAP CERAMIC, 0402, 0.01uF, 50V, X7R, +/-10% | J10: CL05B103KB5NNNC | K10: Samsung | L10: Samsung:CL05B103KB5NNNC | M10: 4320 | N10: 8 | O10: C58,C59,C60,C61,C62,C63,C64,C65 | P10: 8
A11: PCIe104_CON_E1N005INF1 | B11: Tuesday, July 02, 2024 | C11: 2 | D11: ModulePC | E11: PCIe104_CON_E1N005INF1.xlsx | F11: 1 | G11: 10 | I11: CAP CER 1206, 1000pF, В±10%, 2000V, X7R | J11: CC1206KKX7RDBB102 | K11: Yageo | L11: Yageo:CC1206KKX7RDBB102 | M11: 10481 | N11: 5 | O11: C66,C72,C73,C74,C75 | P11: 5
A12: PCIe104_CON_E1N005INF1 | B12: Tuesday, July 02, 2024 | C12: 2 | D12: ModulePC | E12: PCIe104_CON_E1N005INF1.xlsx | F12: 1 | G12: 11 | I12: CAP CER 0201 25V 220pF X7R +/-5% | J12: CC0201JRX7R8BB221 | K12: Yageo | L12: Yageo:CC0201JRX7R8BB221 | M12: 42478 | N12: 4 | O12: C68,C69,C70,C71 | P12: 4
A13: PCIe104_CON_E1N005INF1 | B13: Tuesday, July 02, 2024 | C13: 2 | D13: ModulePC | E13: PCIe104_CON_E1N005INF1.xlsx | F13: 1 | G13: 12 | I13: IC BUFFER NON-INVERT 5.5V 6SON | J13: SN74LVC2G17DRYR | K13: Texas Instruments | L13: Texas Instruments:SN74LVC2G17DRYR | M13: 42468 | N13: 2 | O13: D2,D3 | P13: 2
... A54: PCIe104_CON_E1N005INF1 | B54: Tuesday, July 02, 2024 | C54: 2 | D54: ModulePC | E54: PCIe104_CON_E1N005INF1.xlsx | F54: 1 | G54: 53 | I54: CONN FASTENERS SMTSO | J54: SMTSO-M2-2ET | K54: PennEngineering | L54: PennEngineering:SMTSO-M2-2ET | M54: 4415 | N54: 1 | O54: X39 | P54: 1
N55: =SUM(N2:N54) -> 195 | P55: =SUM(P2:P54) -> 195

Sheet PCIe104_INF2_E1N006INF1
A1: ID | B1: Date | C1: N | D1: Type | E1: File | F1: Count | G1: # | H1: Analog | I1: Description | J1: Manufacturer part number | K1: Mfg name | L1: Mfg part number | M1: Part number | N1: Qty | O1: Ref designator | P1: Qty2
A2: PCIe104_INF2_E1N006INF1 | B2: Monday, May 27, 2024 | C2: 2 | D2: ModulePC | E2: PCIe104_INF2_E1N006INF1_MAIN.xlsx | F2: 1 | G2: 1 | I2: CRYSTAL 12.0000MHZ 8PF SMD | J2: ABM8W-12.0000MHZ-8-D1X-T3 | K2: Abracon Corporation | L2: Abracon Corporation:ABM8W-12.0000MHZ-8-D1X-T3 | M2: 10191 | N2: 2 | O2: BQ1,BQ2 | P2: 2
A3: PCIe104_INF2_E1N006INF1 | B3: Monday, May 27, 2024 | C3: 2 | D3: ModulePC | E3: PCIe104_INF2_E1N006INF1_MAIN.xlsx | F3: 1 | G3: 2 | I3: CAP CER 0402 16V 2.2uF X6S +/-10% | J3: EMK105CC6225KV-F | K3: Taiyo Yuden | L3: Taiyo Yuden:EMK105CC6225KV-F | M3: 42479 | N3: 31 | O3: C1,C4,C61,C62,C63,C64,C65,C66,C67,C68,C69,C70,C71,C72,C76,C77,C78,C79,C80,C81,C82,C83,C84,C85,C88,C89,C90,C91,C92,C93,C171 | P3: 31
A4: PCIe104_INF2_E1N006INF1 | B4: Monday, May 27, 2024 | C4: 2 | D4: ModulePC | E4: PCIe104_INF2_E1N006INF1_MAIN.xlsx | F4: 1 | G4: 3 | I4: CAP CER 0201 50V 1000pF X7R +/-10% | J4: CC0201KRX7R9BB102 | K4: Yageo | L4: Yageo:CC0201KRX7R9BB102 | M4: 42502 | N4: 4 | O4: C2,C3,C5,C6 | P4: 4
A5: PCIe104_INF2_E1N006INF1 | B5: Monday, May 27, 2024 | C5: 2 | D5: ModulePC | E5: PCIe104_INF2_E1N006INF1_MAIN.xlsx | F5: 1 | G5: 4 | I5: CAP CER 0201 16V 0.1uF X6S +/-10% | J5: C0603X6S1C104K030BC | K5: TDK | L5: TDK:C0603X6S1C104K030BC | M5: 42485 | N5: 54 | O5: C7,C8,C9,C10,C11,C12,C13,C14,C15,C16,C17,C18,C19,C20,C21,C22,C23,C24,C25,C26,C27,C28,C29,C30,C31,C32,C33,C34,C35,C36,C37,C38,C39,C40,C42,C43,C44,C45,C46,C47,C48,C49,C50,C51,C52,C55,C59,C60,C74,C75,C166,C167,C168,C169 | P5: 54
A6: PCIe104_INF2_E1N006INF1 | B6: Monday, May 27, 2024 | C6: 2 | D6: ModulePC | E6: PCIe104_INF2_E1N006INF1_MAIN.xlsx | F6: 1 | G6: 5 | I6: CAP CERAMIC, 0402, 0.1uF, 50V, X7R, +/-10% | J6: CL05B104KB54PNC | K6: Samsung | L6: Samsung:CL05B104KB54PNC | M6: 2054 | N6: 4 | O6: C41,C53,C54,C87 | P6: 4
A7: PCIe104_INF2_E1N006INF1 | B7: Monday, May 27, 2024 | C7: 2 | D7: ModulePC | E7: PCIe104_INF2_E1N006INF1_MAIN.xlsx | F7: 1 | G7: 6 | I7: CAP CER 0201 25V 0.01uF X7R +/-10% | J7: CC0201KRX7R8BB103 | K7: Yageo | L7: Yageo:CC0201KRX7R8BB103 | M7: 42501 | N7: 3 | O7: C56,C57,C58 | P7: 3
A8: PCIe104_INF2_E1N006INF1 | B8: Monday, May 27, 2024 | C8: 2 | D8: ModulePC | E8: PCIe104_INF2_E1N006INF1_MAIN.xlsx | F8: 1 | G8: 7 | I8: CAP CER 0603 16V 10uF X6S +/-20% | J8: CL10X106MO8NRN | K8: Samsung | L8: Samsung:CL10X106MO8NRN | M8: 42431 | N8: 20 | O8: C73,C94,C95,C96,C97,C98,C99,C100,C101,C102,C103,C104,C105,C106,C107,C108,C109,C110,C111,C165 | P8: 20
A9: PCIe104_INF2_E1N006INF1 | B9: Monday, May 27, 2024 | C9: 2 | D9: ModulePC | E9: PCIe104_INF2_E1N006INF1_MAIN.xlsx | F9: 1 | G9: 8 | I9: CAP CER 0805 16 V 22 uF X6S В±20% | J9: C2012X6S1C226M125AC | K9: TDK | L9: TDK:C2012X6S1C226M125AC | M9: 42386 | N9: 4 | O9: C86,C132,C170,C175 | P9: 4
A10: PCIe104_INF2_E1N006INF1 | B10: Monday, May 27, 2024 | C10: 2 | D10: ModulePC | E10: PCIe104_INF2_E1N006INF1_MAIN.xlsx | F10: 1 | G10: 9 | I10: CAP CER, 220nF, +/-10%, 16V, X7R, 0402 | J10: CL05B224KO5NNNC | K10: Samsung | L10: Samsung:CL05B224KO5NNNC | M10: 33885 | N10: 6 | O10: C112,C113,C114,C115,C116,C117 | P10: 6
A11: PCIe104_INF2_E1N006INF1 | B11: Monday, May 27, 2024 | C11: 2 | D11: ModulePC | E11: PCIe104_INF2_E1N006INF1_MAIN.xlsx | F11: 1 | G11: 10 | I11: CAP CER 0201 10V 0.22uF X6S +/-10% | J11: C0603X6S1A224K030BC | K11: TDK | L11: TDK:C0603X6S1A224K030BC | M11: 42429 | N11: 6 | O11: C118,C119,C120,C121,C122,C123 | P11: 6
A12: PCIe104_INF2_E1N006INF1 | B12: Monday, May 27, 2024 | C12: 2 | D12: ModulePC | E12: PCIe104_INF2_E1N006INF1_MAIN.xlsx | F12: 1 | G12: 11 | I12: CAP CER, 0402, 10pF, 50V, C0G, +/-5% | J12: CL05C100JB5NNNC | K12: Samsung | L12: Samsung:CL05C100JB5NNNC | M12: 33765 | N12: 4 | O12: C124,C125,C126,C127 | P12: 4
A13: PCIe104_INF2_E1N006INF1 | B13: Monday, May 27, 2024 | C13: 2 | D13: ModulePC | E13: PCIe104_INF2_E1N006INF1_MAIN.xlsx | F13: 1 | G13: 12 | I13: CAP CER 1206, 1000pF, В±10%, 2000V, X7R | J13: CC1206KKX7RDBB102 | K13: Yageo | L13: Yageo:CC1206KKX7RDBB102 | M13: 10481 | N13: 4 | O13: C128,C129,C130,C131 | P13: 4
... A29: PCIe104_INF2_E1N006INF1 | B29: Monday, May 27, 2024 | C29: 2 | D29: ModulePC | E29: PCIe104_INF2_E1N006INF1_MAIN.xlsx | F29: 1 | G29: 28 | I29: IND, 0402, 90ohms, 2,3 A, DCR 38 mOhm | J29: MPZ1005S900HT000 | K29: TDK | L29: TDK:MPZ1005S900HT000 | M29: 10522 | N29: 4 | O29: L5,L6,L7,L8 | P29: 4
A30: PCIe104_INF2_E1N006INF1 | B30: Monday, May 27, 2024 | C30: 2 | D30: ModulePC | E30: PCIe104_INF2_E1N006INF1_MAIN.xlsx | F30: 1 | G30: 29 | I30: IND, 0201, 80 ohms, 1,2 A, DCR 95 mOhm | M30: 10520 | N30: 2 | O30: L9,L10 | P30: 2
A31: PCIe104_INF2_E1N006INF1 | B31: Monday, May 27, 2024 | C31: 2 | D31: ModulePC | E31: PCIe104_INF2_E1N006INF1_MAIN.xlsx | F31: 1 | G31: 30 | I31: IND, 0201, 600Ohm, 280mA, DCR 0.75Ohm | M31: 42481 | N31: 32 | O31: L11,L12,L13,L14,L15,L16,L17,L18,L19,L20,L21,L22,L23,L24,L25,L26,L27,L28,L29,L30,L31,L32,L33,L34,L35,L36,L37,L38,L39,L40,L41,L42 | P31: 32
A32: PCIe104_INF2_E1N006INF1 | B32: Monday, May 27, 2024 | C32: 2 | D32: ModulePC | E32: PCIe104_INF2_E1N006INF1_MAIN.xlsx | F32: 1 | G32: 31 | I32: RES SMD 1kohm +/-1% 1/20W 0201 | J32: RC0201FR-071KL | K32: Yageo | L32: Yageo:RC0201FR-071KL | M32: 37891 | N32: 8 | O32: R1,R2,R3,R4,R5,R7,R53,R54 | P32: 8
A33: PCIe104_INF2_E1N006INF1 | B33: Monday, May 27, 2024 | C33: 2 | D33: ModulePC | E33: PCIe104_INF2_E1N006INF1_MAIN.xlsx | F33: 1 | G33: 32 | I33: RES SMD 10kohm +/-1% 1/20W 0201 | J33: RC0201FR-0710KL | K33: Yageo | L33: Yageo:RC0201FR-0710KL | M33: 37742 | N33: 2 | O33: R6,R56 | P33: 2
A34: PCIe104_INF2_E1N006INF1 | B34: Monday, May 27, 2024 | C34: 2 | D34: ModulePC | E34: PCIe104_INF2_E1N006INF1_MAIN.xlsx | F34: 1 | G34: 33 | I34: RES SMD 100kohm +/-1% 1/20W 0201 | J34: RC0201FR-07100KL | K34: Yageo | L34: Yageo:RC0201FR-07100KL | M34: 37731 | N34: 3 | O34: R8,R9,R10 | P34: 3
A35: PCIe104_INF2_E1N006INF1 | B35: Monday, May 27, 2024 | C35: 2 | D35: ModulePC | E35: PCIe104_INF2_E1N006INF1_MAIN.xlsx | F35: 1 | G35: 34 | I35: RES SMD 10Mohm +/-1% 0.3W 1206 | J35: CRMA1206AF10M0FKEF | K35: Vishay | L35: Vishay:CRMA1206AF10M0FKEF | M35: 42633 | N35: 4 | O35: R11,R12,R13,R14 | P35: 4
A36: PCIe104_INF2_E1N006INF1 | B36: Monday, May 27, 2024 | C36: 2 | D36: ModulePC | E36: PCIe104_INF2_E1N006INF1_MAIN.xlsx | F36: 1 | G36: 35 | I36: RES SMD 100kohm +/-5% 1/20W 0201 | J36: RC0201JR-07100KL | K36: Yageo | L36: Yageo:RC0201JR-07100KL | M36: 38556 | N36: 4 | O36: R15,R16,R17,R18 | P36: 4
A37: PCIe104_INF2_E1N006INF1 | B37: Monday, May 27, 2024 | C37: 2 | D37: ModulePC | E37: PCIe104_INF2_E1N006INF1_MAIN.xlsx | F37: 1 | G37: 36 | I37: RES SMD 0ohm +/-5% 1/16W 0402 | J37: RC0402JR-070RL | K37: Yageo | L37: Yageo:RC0402JR-070RL | M37: 40582 | N37: 2 | O37: R19,R20 | P37: 2
A38: PCIe104_INF2_E1N006INF1 | B38: Monday, May 27, 2024 | C38: 2 | D38: ModulePC | E38: PCIe104_INF2_E1N006INF1_MAIN.xlsx | F38: 1 | G38: 37 | I38: RES SMD 12kohm +/-1% 1/20W 0201 | J38: RC0201FR-0712KL | K38: Yageo | L38: Yageo:RC0201FR-0712KL | M38: 37775 | N38: 6 | O38: R21,R22,R23,R24,R25,R26 | P38: 6
A39: PCIe104_INF2_E1N006INF1 | B39: Monday, May 27, 2024 | C39: 2 | D39: ModulePC | E39: PCIe104_INF2_E1N006INF1_MAIN.xlsx | F39: 1 | G39: 38 | I39: RES SMD 470kohm +/-1% 1/20W 0201 | J39: RC0201FR-07470KL | K39: Yageo | L39: Yageo:RC0201FR-07470KL | M39: 38241 | N39: 2 | O39: R27,R28 | P39: 2
A40: PCIe104_INF2_E1N006INF1 | B40: Monday, May 27, 2024 | C40: 2 | D40: ModulePC | E40: PCIe104_INF2_E1N006INF1_MAIN.xlsx | F40: 1 | G40: 39 | I40: RES SMD 30kohm +/-1% 1/20W 0201 | J40: RC0201FR-0730KL | K40: Yageo | L40: Yageo:RC0201FR-0730KL | M40: 38104 | N40: 13 | O40: R29,R30,R31,R32,R33,R34,R35,R36,R37,R38,R39,R40,R55 | P40: 13
A41: PCIe104_INF2_E1N006INF1 | B41: Monday, May 27, 2024 | C41: 2 | D41: ModulePC | E41: PCIe104_INF2_E1N006INF1_MAIN.xlsx | F41: 1 | G41: 40 | I41: RES SMD 270ohm +/-5% 1/2W 1210 | J41: RC1210JR-07270RL | K41: Yageo | L41: Yageo:RC1210JR-07270RL | M41: 28170 | N41: 4 | O41: R41,R42,R43,R44 | P41: 4
A42: PCIe104_INF2_E1N006INF1 | B42: Monday, May 27, 2024 | C42: 2 | D42: ModulePC | E42: PCIe104_INF2_E1N006INF1_MAIN.xlsx | F42: 1 | G42: 41 | I42: TVS DIODE 5VWM 18.6VC SOD523 | J42: ESD5Z5.0T1G | K42: On Semiconductor | L42: On Semiconductor:ESD5Z5.0T1G | M42: 10350 | N42: 4 | O42: VD1,VD2,VD3,VD4 | P42: 4
A43: PCIe104_INF2_E1N006INF1 | B43: Monday, May 27, 2024 | C43: 2 | D43: ModulePC | E43: PCIe104_INF2_E1N006INF1_MAIN.xlsx | F43: 1 | G43: 42 | I43: TVS DIODE 15VWM 30VC DFN1006-2 | J43: D15V0X1B2LP-7B | K43: Diodes Incorporated | L43: Diodes Incorporated:D15V0X1B2LP-7B | M43: 42577 | N43: 16 | O43: VD5,VD6,VD7,VD8,VD9,VD10,VD11,VD12,VD13,VD14,VD15,VD16,VD17,VD18,VD19,VD20 | P43: 16
... A47: PCIe104_INF2_E1N006INF1 | B47: Monday, May 27, 2024 | C47: 2 | D47: ModulePC | E47: PCIe104_INF2_E1N006INF1_MAIN.xlsx | F47: 1 | G47: 46 | I47: Conn, 22 mm stack height, PCIe104 Top Side, Type2 | J47: ASP-142781-03 | K47: Samtec | L47: Samtec:ASP-142781-03 | M47: 10412 | N47: 1 | O47: X8 | P47: 1
N48: =SUM(N2:N47) -> 326 | P48: =SUM(P2:P47) -> 326

Sheet PCIe104_PSU_E1N001PWR1
A1: ID | B1: Date | C1: N | D1: Type | E1: File | F1: Count | G1: # | H1: Analog | I1: Description | J1: Manufacturer part number | K1: Mfg name | L1: Mfg part number | M1: Part number | N1: Qty | O1: Ref designator | P1: Qty2
A2: PCIe104_PSU_E1N001PWR1 | B2: Friday, May 31, 2024 | C2: 2 | D2: ModulePC | E2: PCIe104_PSU_E1N001PWR1_MAIN.xlsx | F2: 1 | G2: 1 | I2: CAP CER 0805 100V 1uF X7R +/-10% | J2: CC0805KKX7R0BB105 | K2: Yageo | L2: Yageo:CC0805KKX7R0BB105 | M2: 42504 | N2: 1 | O2: C1 | P2: 1
A3: PCIe104_PSU_E1N001PWR1 | B3: Friday, May 31, 2024 | C3: 2 | D3: ModulePC | E3: PCIe104_PSU_E1N001PWR1_MAIN.xlsx | F3: 1 | G3: 2 | I3: CAP CERAMIC, 0402, 0.01uF, 50V, X7R, +/-10% | J3: CL05B103KB5NNNC | K3: Samsung | L3: Samsung:CL05B103KB5NNNC | M3: 4320 | N3: 10 | O3: C3,C4,C30,C31,C92,C93,C94,C95,C96,C133 | P3: 10
A4: PCIe104_PSU_E1N001PWR1 | B4: Friday, May 31, 2024 | C4: 2 | D4: ModulePC | E4: PCIe104_PSU_E1N001PWR1_MAIN.xlsx | F4: 1 | G4: 3 | I4: CAP CERAMIC, 0402, 0.1uF, 50V, X7R, +/-10% | J4: CL05B104KB54PNC | K4: Samsung | L4: Samsung:CL05B104KB54PNC | M4: 2054 | N4: 37 | O4: C5,C6,C8,C9,C10,C12,C14,C15,C20,C23,C27,C28,C29,C39,C46,C47,C48,C50,C51,C52,C54,C60,C63,C68,C84,C85,C118,C120,C121,C122,C125,C126,C134,C135,C136,C138,C139 | P4: 37
A5: PCIe104_PSU_E1N001PWR1 | B5: Friday, May 31, 2024 | C5: 2 | D5: ModulePC | E5: PCIe104_PSU_E1N001PWR1_MAIN.xlsx | F5: 1 | G5: 4 | I5: CAP CER, 0603, 0.1uF, 100V, X7R, +/-10% | J5: CL10B104KC8NNNC | K5: Samsung | L5: Samsung:CL10B104KC8NNNC | M5: 33769 | N5: 6 | O5: C7,C37,C38,C70,C73,C107 | P5: 6
A6: PCIe104_PSU_E1N001PWR1 | B6: Friday, May 31, 2024 | C6: 2 | D6: ModulePC | E6: PCIe104_PSU_E1N001PWR1_MAIN.xlsx | F6: 1 | G6: 5 | I6: CAP CERAMIC, 0402, 0.047uF, 50V, X7R, +/-10% | J6: CL05B473KB5VPNC | K6: Samsung | L6: Samsung:CL05B473KB5VPNC | M6: 1148 | N6: 3 | O6: C11,C89,C90 | P6: 3
A7: PCIe104_PSU_E1N001PWR1 | B7: Friday, May 31, 2024 | C7: 2 | D7: ModulePC | E7: PCIe104_PSU_E1N001PWR1_MAIN.xlsx | F7: 1 | G7: 6 | I7: CAP CER SAFETY X1/Y2 1812 5KV 1nF X7R +/-10% | J7: FK12X102K502EGQ | K7: Passive System Alliance | L7: PSA:FK12X102K502EGQ | M7: 42575 | N7: 4 | O7: C13,C49,C108,C111 | P7: 4
A8: PCIe104_PSU_E1N001PWR1 | B8: Friday, May 31, 2024 | C8: 2 | D8: ModulePC | E8: PCIe104_PSU_E1N001PWR1_MAIN.xlsx | F8: 1 | G8: 7 | I8: CAP CER 0805 50V 2.2uF X7R +/-10% | J8: CC0805KKX7R9BB225 | K8: Yageo | L8: Yageo:CC0805KKX7R9BB225 | M8: 42650 | N8: 3 | O8: C16,C104,C131 | P8: 3
A9: PCIe104_PSU_E1N001PWR1 | B9: Friday, May 31, 2024 | C9: 2 | D9: ModulePC | E9: PCIe104_PSU_E1N001PWR1_MAIN.xlsx | F9: 1 | G9: 8 | I9: CAP CER 0805 16 V 22 uF X6S В±20% | J9: C2012X6S1C226M125AC | K9: TDK | L9: TDK:C2012X6S1C226M125AC | M9: 42386 | N9: 19 | O9: C17,C18,C21,C22,C24,C32,C33,C75,C76,C77,C78,C79,C80,C81,C82,C101,C102,C113,C116 | P9: 19
A10: PCIe104_PSU_E1N001PWR1 | B10: Friday, May 31, 2024 | C10: 2 | D10: ModulePC | E10: PCIe104_PSU_E1N001PWR1_MAIN.xlsx | F10: 1 | G10: 9 | I10: CAP CER 0603 16V 10uF X6S +/-20% | J10: CL10X106MO8NRN | K10: Samsung | L10: Samsung:CL10X106MO8NRN | M10: 42431 | N10: 3 | O10: C19,C25,C127 | P10: 3
A11: PCIe104_PSU_E1N001PWR1 | B11: Friday, May 31, 2024 | C11: 2 | D11: ModulePC | E11: PCIe104_PSU_E1N001PWR1_MAIN.xlsx | F11: 1 | G11: 10 | I11: CAP CER 0402 16V 2.2uF X6S +/-10% | J11: C1005X6S1C225K050BC | K11: TDK | L11: TDK:C1005X6S1C225K050BC | M11: 42476 | N11: 6 | O11: C26,C53,C91,C119,C124,C128 | P11: 6
A12: PCIe104_PSU_E1N001PWR1 | B12: Friday, May 31, 2024 | C12: 2 | D12: ModulePC | E12: PCIe104_PSU_E1N001PWR1_MAIN.xlsx | F12: 1 | G12: 11 | I12: CAP CER 15p 5% 50V NP0 0402 | J12: CL05C150JB51PNC | K12: Samsung | L12: Samsung:CL05C150JB51PNC | M12: 60 | N12: 1 | O12: C34 | P12: 1
A13: PCIe104_PSU_E1N001PWR1 | B13: Friday, May 31, 2024 | C13: 2 | D13: ModulePC | E13: PCIe104_PSU_E1N001PWR1_MAIN.xlsx | F13: 1 | G13: 12 | I13: CAP ALUM 100uF 100V +/-20% 12.5x13.5mm SMD | J13: EMVY101ARA101MKE0S | K13: United Chemi-Con | L13: United Chemi-Con:EMVY101ARA101MKE0S | M13: 42665 | N13: 8 | O13: C35,C36,C40,C41,C42,C43,C44,C141 | P13: 8
... A73: PCIe104_PSU_E1N001PWR1 | B73: Friday, May 31, 2024 | C73: 2 | D73: ModulePC | E73: PCIe104_PSU_E1N001PWR1_MAIN.xlsx | F73: 1 | G73: 72 | I73: CONN 7POS 1.25MM PITCH SMT MALE VERT | J73: L-KLS1-XL8-1.25-07-VM | K73: KLS electronic | L73: KLS:L-KLS1-XL8-1.25-07-VM | M73: 42437 | N73: 1 | O73: X8 | P73: 1
N74: =SUM(N2:N73) -> 262 | P74: =SUM(P2:P73) -> 262

Sheet SBC_35_2C3_1_E1E001CPU1E
A1: ID | B1: Date | C1: N | D1: Type | E1: File | F1: Count | G1: # | H1: Analog | I1: Description | J1: Manufacturer part number | K1: Mfg name | L1: Mfg part number | M1: Part number | N1: Qty | O1: Ref designator | P1: Qty2
A2: SBC_35_2C3_1_E1E001CPU1E | B2: Thursday, March 14, 2024 | C2: 1 | D2: IndustrialPC | E2: SBC_35_2C3_1_E1E001CPU1E_Var_MAIN.xlsx | F2: 1 | G2: 1 | I2: CRYSTAL 25.0000MHZ 12PF | J2: ABM8-25.000MHZ-12-D1X-T | K2: Abracon Corporation | L2: Abracon Corporation:ABM8-25.000MHZ-12-D1X-T | M2: 10385 | N2: 5 | O2: BQ1,BQ2,BQ3,BQ4,BQ5 | P2: 5
A3: SBC_35_2C3_1_E1E001CPU1E | B3: Thursday, March 14, 2024 | C3: 1 | D3: IndustrialPC | E3: SBC_35_2C3_1_E1E001CPU1E_Var_MAIN.xlsx | F3: 1 | G3: 2 | I3: CRYSTAL 12.0000MHZ 8PF SMD | J3: ABM8W-12.0000MHZ-8-D1X-T3 | K3: Abracon Corporation | L3: Abracon Corporation:ABM8W-12.0000MHZ-8-D1X-T3 | M3: 10191 | N3: 1 | O3: BQ6 | P3: 1
A4: SBC_35_2C3_1_E1E001CPU1E | B4: Thursday, March 14, 2024 | C4: 1 | D4: IndustrialPC | E4: SBC_35_2C3_1_E1E001CPU1E_Var_MAIN.xlsx | F4: 1 | G4: 3 | I4: CAP CER 0402 50V 18pF C0G/NP0 +/-5% | J4: CC0402JRNPO9BN180 | K4: Yageo | L4: Yageo:CC0402JRNPO9BN180 | M4: 42514 | N4: 10 | O4: C1,C2,C3,C4,C108,C109,C718,C719,C809,C810 | P4: 10
A5: SBC_35_2C3_1_E1E001CPU1E | B5: Thursday, March 14, 2024 | C5: 1 | D5: IndustrialPC | E5: SBC_35_2C3_1_E1E001CPU1E_Var_MAIN.xlsx | F5: 1 | G5: 4 | I5: CAP CER 0201 10V 0.22uF X6S +/-10% | J5: C0603X6S1A224K030BC | K5: TDK | L5: TDK:C0603X6S1A224K030BC | M5: 42429 | N5: 253 | O5: C5,C6,C7,C8,C9,C10,C11,C12,C13,C14,C15,C16,C17,C18,C19,C20,C21,C22,C23,C24,C25,C26,C122,C123,C131,C132,C133,C134,C135,C247,C253,C254,C256,C288,C489,C490,C491,C650,C651,C654,C655,C656,C657,C658,C659,C660,C661,C662,C663,C664,C665,C671,C672,C673,C674,C675,C676,C677,C678,C679,C680,C681,C682,C683,C684,C685,C686,C687,C688,C689,C690,C691,C692,C693,C694,C716,C720,C721,C722,C723,C724,C725,C726,C727,C728,C729,C734,C735,C736,C737,C738,C739,C740,C741,C742,C743,C744,C745,C746,C747,C748,C749,C750,C751,C752,C753,C754,C755,C756,C757,C758,C759,C760,C761,C762,C763,C764,C765,C766,C767,C768,C769,C770,C771,C772,C773,C774,C775,C776,C777,C778,C779,C780,C781,C782,C783,C784,C785,C902,C903,C969,C970,C971,C972,C973,C974,C975,C976,C977,C978,C979,C980,C981,C982,C983,C984,C985,C986,C987,C988,C989,C990,C991,C992,C993,C994,C995,C996,C997,C998,C999,C1000,C1001,C1002,C1003,C1004,C1005,C1006,C1007,C1008,C1009,C1010,C1011,C1012,C1013,C1014,C1015,C1016,C1017,C1018,C1019,C1020,C1021,C1022,C1023,C1024,C1025,C1026,C1027,C1028,C1029,C1043,C1044,C1045,C1046,C1047,C1048,C1049,C1050,C1051,C1052,C1053,C1054,C1055,C1056,C1057,C1058,C1059,C1060,C1061,C1062,C1063,C1064,C1065,C1066,C1067,C1068,C1069,C1070,C1071,C1072,C1073,C1074,C1075,C1076,C1077,C1078,C1079,C1080,C1081,C1082,C1083,C1084,C1085,C1086,C1087,C1088,C1089,C1090,C1191,C1458,C1459,C1460 | P5: 253
A6: SBC_35_2C3_1_E1E001CPU1E | B6: Thursday, March 14, 2024 | C6: 1 | D6: IndustrialPC | E6: SBC_35_2C3_1_E1E001CPU1E_Var_MAIN.xlsx | F6: 1 | G6: 5 | I6: CAP CER 0201 16V 0.1uF X6S +/-10% | J6: C0603X6S1C104K030BC | K6: TDK | L6: TDK:C0603X6S1C104K030BC | M6: 42485 | N6: 275 | O6: C27,C28,C29,C30,C31,C32,C34,C35,C36,C38,C39,C40,C41,C42,C43,C44,C46,C47,C56,C57,C58,C59,C60,C61,C62,C63,C64,C65,C66,C67,C68,C69,C70,C73,C75,C79,C84,C86,C87,C96,C97,C98,C99,C100,C101,C102,C103,C104,C105,C106,C107,C110,C111,C112,C113,C124,C138,C147,C153,C154,C155,C156,C157,C158,C161,C164,C165,C167,C180,C183,C184,C190,C191,C193,C200,C202,C204,C207,C208,C209,C210,C211,C213,C218,C220,C221,C222,C223,C224,C225,C226,C229,C231,C232,C233,C235,C261,C262,C264,C265,C271,C272,C273,C274,C275,C282,C283,C285,C293,C296,C301,C311,C313,C315,C317,C318,C320,C324,C332,C346,C347,C353,C357,C359,C409,C410,C411,C412,C413,C414,C415,C416,C417,C418,C419,C420,C421,C422,C423,C424,C425,C443,C444,C445,C446,C447,C448,C449,C450,C451,C452,C455,C456,C457,C458,C459,C461,C463,C464,C465,C466,C467,C468,C469,C470,C471,C472,C473,C474,C476,C478,C479,C480,C481,C482,C483,C484,C485,C486,C487,C488,C652,C653,C797,C798,C799,C800,C801,C802,C806,C807,C812,C813,C814,C815,C816,C817,C820,C821,C822,C825,C826,C827,C839,C840,C841,C848,C849,C850,C851,C855,C856,C857,C858,C911,C918,C932,C934,C963,C966,C1104,C1105,C1110,C1113,C1114,C1115,C1116,C1117,C1118,C1130,C1134,C1136,C1137,C1142,C1156,C1164,C1166,C1167,C1174,C1175,C1176,C1177,C1195,C1196,C1197,C1198,C1200,C1201,C1202,C1206,C1211,C1216,C1218,C1219,C1220,C1221,C1222,C1241,C1242,C1243,C1244,C1246,C1247,C1333,C1335,C1336,C1337,C1338,C1340,C1341,C1343,C1421,C1436,C1437,C1457 | P6: 275
A7: SBC_35_2C3_1_E1E001CPU1E | B7: Thursday, March 14, 2024 | C7: 1 | D7: IndustrialPC | E7: SBC_35_2C3_1_E1E001CPU1E_Var_MAIN.xlsx | F7: 1 | G7: 6 | I7: CAP CER, 1210, 100uF, 6.3V, X6S, +/-20% | J7: CL32X107MQVNNNE | K7: Samsung | L7: Samsung:CL32X107MQVNNNE | M7: 42353 | N7: 6 | O7: C33,C37,C1369,C1370,C1371,C1372 | P7: 6
A8: SBC_35_2C3_1_E1E001CPU1E | B8: Thursday, March 14, 2024 | C8: 1 | D8: IndustrialPC | E8: SBC_35_2C3_1_E1E001CPU1E_Var_MAIN.xlsx | F8: 1 | G8: 7 | I8: CAP FEEDTHRU 0.1uF +/-20% 100V 1206 | J8: YFF31HC2A104MT000N | K8: TDK | L8: TDK:YFF31HC2A104MT000N | M8: 10512 | N8: 3 | O8: C45,C794,C795 | P8: 3
A9: SBC_35_2C3_1_E1E001CPU1E | B9: Thursday, March 14, 2024 | C9: 1 | D9: IndustrialPC | E9: SBC_35_2C3_1_E1E001CPU1E_Var_MAIN.xlsx | F9: 1 | G9: 8 | I9: CAP CER 0201 25V 0.01uF X7R +/-10% | J9: CC0201KRX7R8BB103 | K9: Yageo | L9: Yageo:CC0201KRX7R8BB103 | M9: 42501 | N9: 39 | O9: C48,C49,C50,C51,C52,C53,C54,C55,C81,C85,C88,C89,C90,C91,C92,C93,C94,C95,C114,C115,C116,C117,C118,C119,C120,C121,C263,C291,C875,C876,C1178,C1179,C1180,C1359,C1360,C1361,C1362,C1363,C1364 | P9: 39
A10: SBC_35_2C3_1_E1E001CPU1E | B10: Thursday, March 14, 2024 | C10: 1 | D10: IndustrialPC | E10: SBC_35_2C3_1_E1E001CPU1E_Var_MAIN.xlsx | F10: 1 | G10: 9 | I10: CAP CER 0402 6.3V 10uF X6S +/-20% | J10: CL05X106MQ5NUNC | K10: Samsung | L10: Samsung:CL05X106MQ5NUNC | M10: 42490 | N10: 22 | O10: C71,C148,C151,C199,C227,C228,C255,C260,C352,C355,C505,C506,C508,C509,C1144,C1145,C1146,C1150,C1153,C1154,C1155,C1334 | P10: 22
A11: SBC_35_2C3_1_E1E001CPU1E | B11: Thursday, March 14, 2024 | C11: 1 | D11: IndustrialPC | E11: SBC_35_2C3_1_E1E001CPU1E_Var_MAIN.xlsx | F11: 1 | G11: 10 | I11: CAP CER 0402 16V 2.2uF X6S +/-10% | J11: EMK105CC6225KV-F | K11: Taiyo Yuden | L11: Taiyo Yuden:EMK105CC6225KV-F | M11: 42479 | N11: 31 | O11: C72,C137,C178,C179,C206,C212,C216,C239,C250,C326,C333,C345,C432,C433,C883,C1171,C1208,C1227,C1240,C1248,C1347,C1348,C1349,C1351,C1352,C1353,C1429,C1430,C1431,C1434,C1450 | P11: 31
A12: SBC_35_2C3_1_E1E001CPU1E | B12: Thursday, March 14, 2024 | C12: 1 | D12: IndustrialPC | E12: SBC_35_2C3_1_E1E001CPU1E_Var_MAIN.xlsx | F12: 1 | G12: 11 | I12: CAP CER 0201 10V 1uF X6S +/-20% | J12: CM03X6S105M10AH | K12: Kyocera | L12: Kyocera:CM03X6S105M10AH | M12: 42491 | N12: 82 | O12: C74,C76,C77,C78,C80,C82,C83,C142,C242,C248,C249,C286,C666,C667,C670,C695,C696,C697,C698,C699,C700,C701,C702,C703,C704,C705,C706,C707,C708,C709,C710,C711,C712,C713,C714,C715,C786,C787,C823,C824,C846,C1030,C1031,C1032,C1033,C1034,C1035,C1036,C1037,C1381,C1382,C1383,C1384,C1385,C1386,C1387,C1388,C1389,C1390,C1391,C1392,C1393,C1394,C1395,C1396,C1397,C1398,C1399,C1400,C1401,C1402,C1403,C1404,C1405,C1406,C1407,C1408,C1409,C1410,C1411,C1412,C1423 | P12: 82
A13: SBC_35_2C3_1_E1E001CPU1E | B13: Thursday, March 14, 2024 | C13: 1 | D13: IndustrialPC | E13: SBC_35_2C3_1_E1E001CPU1E_Var_MAIN.xlsx | F13: 1 | G13: 12 | I13: CAP CER 0201 25V 220pF X7R +/-5% | J13: CC0201JRX7R8BB221 | K13: Yageo | L13: Yageo:CC0201JRX7R8BB221 | M13: 42478 | N13: 10 | O13: C125,C126,C173,C174,C175,C177,C496,C497,C498,C499 | P13: 10
... A129: SBC_35_2C3_1_E1E001CPU1E | B129: Thursday, March 14, 2024 | C129: 1 | D129: IndustrialPC | E129: SBC_35_2C3_1_E1E001CPU1E_Var_MAIN.xlsx | F129: 1 | G129: 128 | I129: IND, 0402, 18Ohm, 4A, DCR 10mOhm | J129: MPZ1005S180HT000 | K129: TDK | L129: TDK:MPZ1005S180HT000 | M129: 42483 | N129: 1 | O129: L105 | P129: 1
A130: SBC_35_2C3_1_E1E001CPU1E | B130: Thursday, March 14, 2024 | C130: 1 | D130: IndustrialPC | E130: SBC_35_2C3_1_E1E001CPU1E_Var_MAIN.xlsx | F130: 1 | G130: 129 | I130: Test pin | M130: 1135 | N130: 86 | O130: P1,P2,P3,P4,P5,P6,P7,P8,P9,P10,P11,P12,P13,P14,P15,P16,P17,P18,P19,P20,P21,P22,P23,P24,P25,P26,P27,P28,P29,P30,P31,P32,P33,P34,P35,P36,P37,P38,P39,P40,P41,P42,P43,P44,P45,P46,P47,P48,P49,P50,P51,P52,P53,P54,P55,P56,P57,P58,P59,P60,P61,P62,P63,P64,P65,P66,P67,P68,P69,P70,P71,P72,P73,P74,P75,P76,P77,P78,P79,P80,P81,P82,P83,P84,P85,P86 | P130: 86
A131: SBC_35_2C3_1_E1E001CPU1E | B131: Thursday, March 14, 2024 | C131: 1 | D131: IndustrialPC | E131: SBC_35_2C3_1_E1E001CPU1E_Var_MAIN.xlsx | F131: 1 | G131: 130 | I131: RES SMD 2.2kohm +/-1% 1/20W 0201 | J131: AC0201FR-102K2L | K131: Yageo | L131: Yageo:AC0201FR-102K2L | M131: 12496 | N131: 55 | O131: R1,R2,R3,R4,R6,R7,R9,R10,R11,R12,R18,R19,R20,R21,R22,R25,R144,R166,R167,R168,R169,R177,R178,R182,R240,R241,R314,R315,R320,R321,R324,R325,R328,R329,R332,R333,R338,R339,R358,R359,R384,R385,R388,R389,R483,R484,R485,R525,R542,R543,R545,R548,R659,R665,R666 | P131: 55
A132: SBC_35_2C3_1_E1E001CPU1E | B132: Thursday, March 14, 2024 | C132: 1 | D132: IndustrialPC | E132: SBC_35_2C3_1_E1E001CPU1E_Var_MAIN.xlsx | F132: 1 | G132: 131 | I132: RES SMD 100ohm +/-1% 1/20W 0201 | J132: AC0201FR-07100RL | K132: Yageo | L132: Yageo:AC0201FR-07100RL | M132: 12187 | N132: 7 | O132: R5,R8,R116,R117,R188,R194,R247 | P132: 7
A133: SBC_35_2C3_1_E1E001CPU1E | B133: Thursday, March 14, 2024 | C133: 1 | D133: IndustrialPC | E133: SBC_35_2C3_1_E1E001CPU1E_Var_MAIN.xlsx | F133: 1 | G133: 132 | I133: RES SMD 4.7kohm +/-1% 1/20W 0201 | J133: AC0201FR-074K7L | K133: Yageo | L133: Yageo:AC0201FR-074K7L | M133: 12723 | N133: 44 | O133: R13,R14,R164,R209,R210,R211,R212,R222,R223,R226,R227,R268,R269,R270,R280,R302,R303,R308,R311,R312,R313,R316,R317,R318,R319,R322,R323,R326,R327,R330,R331,R336,R337,R356,R357,R386,R640,R658,R817,R818,R819,R820,R821,R822 | P133: 44
A134: SBC_35_2C3_1_E1E001CPU1E | B134: Thursday, March 14, 2024 | C134: 1 | D134: IndustrialPC | E134: SBC_35_2C3_1_E1E001CPU1E_Var_MAIN.xlsx | F134: 1 | G134: 133 | I134: RES SMD 0ohm +/-5% 1/16W 0402 | J134: AC0402JR-070RL | K134: Yageo | L134: Yageo:AC0402JR-070RL | M134: 16369 | N134: 18 | O134: R15,R16,R17,R216,R282,R399,R402,R404,R412,R414,R415,R426,R428,R444,R540,R618,R664,R716 | P134: 18
A135: SBC_35_2C3_1_E1E001CPU1E | B135: Thursday, March 14, 2024 | C135: 1 | D135: IndustrialPC | E135: SBC_35_2C3_1_E1E001CPU1E_Var_MAIN.xlsx | F135: 1 | G135: 134 | I135: RES SMD 0ohm +/-5% 1/20W 0201 | J135: AC0201JR-070RL | K135: Yageo | L135: Yageo:AC0201JR-070RL | M135: 13006 | N135: 32 | O135: R23,R28,R138,R143,R163,R187,R255,R436,R438,R491,R492,R493,R494,R495,R498,R499,R500,R501,R502,R503,R504,R505,R506,R517,R549,R571,R590,R591,R652,R700,R701,R702 | P135: 32
A136: SBC_35_2C3_1_E1E001CPU1E | B136: Thursday, March 14, 2024 | C136: 1 | D136: IndustrialPC | E136: SBC_35_2C3_1_E1E001CPU1E_Var_MAIN.xlsx | F136: 1 | G136: 135 | I136: RES SMD 1kohm +/-1% 1/20W 0201 | J136: AC0201FR-101KL | K136: Yageo | L136: Yageo:AC0201FR-101KL | M136: 12346 | N136: 29 | O136: R24,R29,R30,R32,R36,R40,R41,R42,R43,R66,R68,R69,R70,R71,R72,R73,R74,R75,R76,R133,R136,R137,R253,R288,R354,R643,R650,R806,R807 | P136: 29
A137: SBC_35_2C3_1_E1E001CPU1E | B137: Thursday, March 14, 2024 | C137: 1 | D137: IndustrialPC | E137: SBC_35_2C3_1_E1E001CPU1E_Var_MAIN.xlsx | F137: 1 | G137: 136 | I137: RES SMD 20kohm +/-1% 1/20W 0201 | J137: AC0201FR-1020KL | K137: Yageo | L137: Yageo:AC0201FR-1020KL | M137: 12416 | N137: 18 | O137: R26,R52,R53,R80,R81,R82,R83,R108,R189,R190,R239,R242,R243,R300,R301,R523,R647,R648 | P137: 18
A138: SBC_35_2C3_1_E1E001CPU1E | B138: Thursday, March 14, 2024 | C138: 1 | D138: IndustrialPC | E138: SBC_35_2C3_1_E1E001CPU1E_Var_MAIN.xlsx | F138: 1 | G138: 137 | I138: RES SMD 1Mohm +/-1% 1/20W 0201 | J138: AC0201FR-101ML | K138: Yageo | L138: Yageo:AC0201FR-101ML | M138: 12378 | N138: 3 | O138: R27,R54,R649 | P138: 3
A139: SBC_35_2C3_1_E1E001CPU1E | B139: Thursday, March 14, 2024 | C139: 1 | D139: IndustrialPC | E139: SBC_35_2C3_1_E1E001CPU1E_Var_MAIN.xlsx | F139: 1 | G139: 138 | I139: RES SMD 10kohm +/-1% 1/20W 0201 | J139: AC0201FR-0710KL | K139: Yageo | L139: Yageo:AC0201FR-0710KL | M139: 12197 | N139: 131 | O139: R31,R38,R45,R46,R56,R57,R84,R89,R90,R92,R93,R94,R95,R96,R97,R98,R99,R100,R101,R105,R106,R109,R110,R114,R115,R118,R119,R120,R121,R122,R123,R124,R125,R126,R129,R130,R131,R132,R140,R154,R155,R156,R157,R158,R161,R172,R173,R174,R176,R180,R181,R193,R197,R199,R238,R244,R261,R262,R263,R264,R273,R276,R287,R289,R291,R345,R349,R350,R355,R376,R377,R378,R423,R430,R432,R478,R479,R480,R481,R482,R486,R488,R489,R490,R512,R513,R516,R524,R541,R544,R554,R570,R572,R588,R589,R593,R596,R602,R605,R613,R617,R623,R624,R657,R660,R661,R685,R687,R688,R691,R692,R693,R694,R703,R704,R709,R711,R712,R755,R800,R801,R803,R804,R805,R808,R809,R810,R811,R812,R815,R816 | P139: 131
A140: SBC_35_2C3_1_E1E001CPU1E | B140: Thursday, March 14, 2024 | C140: 1 | D140: IndustrialPC | E140: SBC_35_2C3_1_E1E001CPU1E_Var_MAIN.xlsx | F140: 1 | G140: 139 | I140: RES SMD 360ohm +/-1% 1/16W 0402 | J140: AC0402FR-07360RL | K140: Yageo | L140: Yageo:AC0402FR-07360RL | M140: 15179 | N140: 5 | O140: R33,R47,R55,R265,R309 | P140: 5
A141: SBC_35_2C3_1_E1E001CPU1E | B141: Thursday, March 14, 2024 | C141: 1 | D141: IndustrialPC | E141: SBC_35_2C3_1_E1E001CPU1E_Var_MAIN.xlsx | F141: 1 | G141: 140 | I141: RES SMD 100kohm +/-1% 1/20W 0201 | J141: AC0201FR-07100KL | K141: Yageo | L141: Yageo:AC0201FR-07100KL | M141: 12186 | N141: 57 | O141: R35,R59,R62,R88,R102,R103,R104,R107,R127,R142,R165,R170,R171,R175,R179,R185,R192,R196,R283,R284,R292,R341,R342,R343,R344,R391,R394,R395,R396,R454,R457,R458,R466,R487,R533,R559,R578,R579,R580,R584,R587,R614,R622,R626,R627,R628,R629,R630,R631,R632,R637,R641,R642,R645,R646,R662,R671 | P141: 57
A142: SBC_35_2C3_1_E1E001CPU1E | B142: Thursday, March 14, 2024 | C142: 1 | D142: IndustrialPC | E142: SBC_35_2C3_1_E1E001CPU1E_Var_MAIN.xlsx | F142: 1 | G142: 141 | I142: RES SMD 510ohm +/-1% 1/20W 0201 | J142: AC0201FR-07510RL | K142: Yageo | L142: Yageo:AC0201FR-07510RL | M142: 12751 | N142: 21 | O142: R37,R39,R44,R48,R50,R51,R78,R79,R113,R271,R272,R279,R281,R295,R296,R297,R299,R608,R644,R766,R767 | P142: 21
... A251: SBC_35_2C3_1_E1E001CPU1E | B251: Thursday, March 14, 2024 | C251: 1 | D251: IndustrialPC | E251: SBC_35_2C3_1_E1E001CPU1E_Var_MAIN.xlsx | F251: 1 | G251: 250 | I251: Wire to board, connector for LVDS, pith 0.5mm, pin 40, smt | J251: PDG1001040Q0-1 | K251: JPC | L251: JPC:PDG1001040Q0-1 | M251: 2317 | N251: 1 | O251: XP2 | P251: 1
N252: =SUM(N2:N251) -> 2049 | P252: =SUM(P2:P251) -> 2049

Sheet SBC_DIO_E1N004INF1
A1: ID | B1: Date | C1: N | D1: Type | E1: File | F1: Count | G1: # | H1: Analog | I1: Description | J1: Manufacturer part number | K1: Mfg name | L1: Mfg part number | M1: Part number | N1: Qty | O1: Ref designator | P1: Qty2
A2: SBC_DIO_E1N004INF1 | B2: Monday, April 22, 2024 | C2: 1 | D2: IndustrialPC | E2: SBC_DIO_E1N004INF1_MAIN.xlsx | F2: 1 | G2: 1 | I2: CAP CERAMIC, 0402, 0.1uF, 50V, X7R, +/-10% | J2: CL05B104KB54PNC | K2: Samsung | L2: Samsung:CL05B104KB54PNC | M2: 2054 | N2: 3 | O2: C1, C3, C4 | P2: 3
A3: SBC_DIO_E1N004INF1 | B3: Monday, April 22, 2024 | C3: 1 | D3: IndustrialPC | E3: SBC_DIO_E1N004INF1_MAIN.xlsx | F3: 1 | G3: 2 | I3: CAP CER 0603 16V 10uF X6S +/-20% | J3: CL10X106MO8NRN | K3: Samsung | L3: Samsung:CL10X106MO8NRN | M3: 42431 | N3: 1 | O3: C2 | P3: 1
A4: SBC_DIO_E1N004INF1 | B4: Monday, April 22, 2024 | C4: 1 | D4: IndustrialPC | E4: SBC_DIO_E1N004INF1_MAIN.xlsx | F4: 1 | G4: 3 | I4: IC XPNDR 400kHz I2C QFN24 | J4: XL9535QF24 | K4: Shenzhen Xinluda Information Technology Co., Ltd. | L4: Xinluda:XL9535QF24 | M4: 10186 | N4: 1 | O4: D1 | P4: 1
A5: SBC_DIO_E1N004INF1 | B5: Monday, April 22, 2024 | C5: 1 | D5: IndustrialPC | E5: SBC_DIO_E1N004INF1_MAIN.xlsx | F5: 1 | G5: 4 | I5: RELAY OPTOMOS 400mA 60V AC 4-SOP | J5: KAQY212SE | K5: COSMO Electronics Corporation | L5: COSMO:KAQY212SE | M5: 33891 | N5: 8 | O5: K1, K2, K3, K4, K5, K6, K7, K8 | P5: 8
A6: SBC_DIO_E1N004INF1 | B6: Monday, April 22, 2024 | C6: 1 | D6: IndustrialPC | E6: SBC_DIO_E1N004INF1_MAIN.xlsx | F6: 1 | G6: 5 | I6: IND, 0402, 90ohms, 2, 3 A, DCR 38 mOhm | J6: MPZ1005S900HT000 | K6: TDK | L6: TDK:MPZ1005S900HT000 | M6: 10522 | N6: 1 | O6: L1 | P6: 1
A7: SBC_DIO_E1N004INF1 | B7: Monday, April 22, 2024 | C7: 1 | D7: IndustrialPC | E7: SBC_DIO_E1N004INF1_MAIN.xlsx | F7: 1 | G7: 6 | I7: RES SMD 100kohm +/-1% 1/16W 0402 | J7: RC0402FR-07100KL | K7: Yageo | L7: Yageo:RC0402FR-07100KL | M7: 39516 | N7: 18 | O7: R1, R3, R6, R8, R11, R13, R15, R17, R22, R24, R26, R27, R28, R29, R34, R35, R36, R37 | P7: 18
A8: SBC_DIO_E1N004INF1 | B8: Monday, April 22, 2024 | C8: 1 | D8: IndustrialPC | E8: SBC_DIO_E1N004INF1_MAIN.xlsx | F8: 1 | G8: 7 | I8: RES SMD 510ohm +/-1% 1/16W 0402 | J8: RC0402FR-07510RL | K8: Yageo | L8: Yageo:RC0402FR-07510RL | M8: 40086 | N8: 8 | O8: R2, R4, R12, R14, R16, R18, R21, R23 | P8: 8
A9: SBC_DIO_E1N004INF1 | B9: Monday, April 22, 2024 | C9: 1 | D9: IndustrialPC | E9: SBC_DIO_E1N004INF1_MAIN.xlsx | F9: 1 | G9: 8 | I9: RES SMD 33ohm +/-1% 1/16W 0402 | J9: RC0402FR-0733RL | K9: Yageo | L9: Yageo:RC0402FR-0733RL | M9: 39912 | N9: 3 | O9: R5, R7, R9 | P9: 3
A10: SBC_DIO_E1N004INF1 | B10: Monday, April 22, 2024 | C10: 1 | D10: IndustrialPC | E10: SBC_DIO_E1N004INF1_MAIN.xlsx | F10: 1 | G10: 9 | I10: RES SMD 10kohm +/-1% 1/16W 0402 | J10: RC0402FR-0710KL | K10: Yageo | L10: Yageo:RC0402FR-0710KL | M10: 39527 | N10: 3 | O10: R19, R20, R25 | P10: 3
A11: SBC_DIO_E1N004INF1 | B11: Monday, April 22, 2024 | C11: 1 | D11: IndustrialPC | E11: SBC_DIO_E1N004INF1_MAIN.xlsx | F11: 1 | G11: 10 | I11: RES SMD 4.7kohm +/-1% 1/4W 1206 | J11: RC1206FR-074K7L | K11: Yageo | L11: Yageo:RC1206FR-074K7L | M11: 25053 | N11: 8 | O11: R30, R31, R32, R33, R38, R39, R40, R41 | P11: 8
A12: SBC_DIO_E1N004INF1 | B12: Monday, April 22, 2024 | C12: 1 | D12: IndustrialPC | E12: SBC_DIO_E1N004INF1_MAIN.xlsx | F12: 1 | G12: 11 | I12: OPTOISO 3.75KV TRANS 4-SSOP | J12: EL3H7(B)(TA)-G | K12: Everlight Electronics | L12: Everlight Electronics:EL3H7(B)(TA)-G | M12: 33794 | N12: 8 | O12: V1, V2, V3, V4, V5, V6, V7, V8 | P12: 8
A13: SBC_DIO_E1N004INF1 | B13: Monday, April 22, 2024 | C13: 1 | D13: IndustrialPC | E13: SBC_DIO_E1N004INF1_MAIN.xlsx | F13: 1 | G13: 12 | I13: DIODE SCHOTTKY 30V 200MA 2DFN | J13: BAT54LP | K13: Diodes Incorporated | L13: Diodes Incorporated:BAT54LP | M13: 42495 | N13: 8 | O13: VD9, VD10, VD11, VD12, VD13, VD14, VD15, VD16 | P13: 8
... A16: SBC_DIO_E1N004INF1 | B16: Monday, April 22, 2024 | C16: 1 | D16: IndustrialPC | E16: SBC_DIO_E1N004INF1_MAIN.xlsx | F16: 1 | G16: 15 | I16: CONN 7POS 1.25MM PITCH SMT MALE VERT | J16: L-KLS1-XL8-1.25-07-VM | K16: KLS electronic | L16: KLS:L-KLS1-XL8-1.25-07-VM | M16: 42437 | N16: 1 | O16: X2 | P16: 1

Sheet C2B004CPU2
A1: ID | B1: Date | C1: N | D1: Type | E1: File | F1: Count | G1: # | H1: Analog | I1: Description | J1: Manufacturer part number | K1: Mfg name | L1: Mfg part number | M1: Part number | N1: Qty | O1: Ref designator | P1: Qty2
A2: C2B004CPU2 | B2: Friday, December 01, 2023 | C2: 3 | D2: PanelPC | E2: Thin_RJ_C2B004CPU2_Var_MAIN.xlsx | F2: 1 | G2: 1 | I2: Osci SMD 25 MHz 15ppm@25C 25ppm@-40+85C 60 Ohm 8pF | J2: NX2520SA-25.000000MHz-S1-4085-25-10-8 | K2: NDK Corporation | L2: NDK Corporation:NX2520SA-25.000000MHz-S1-4085-25-10-8 | M2: 149 | N2: 3 | O2: BQ1,BQ4,BQ6 | P2: 3
A3: C2B004CPU2 | B3: Friday, December 01, 2023 | C3: 3 | D3: PanelPC | E3: Thin_RJ_C2B004CPU2_Var_MAIN.xlsx | F3: 1 | G3: 2 | I3: Osci SMD KX-7T 12,0 MHz +/-30ppm 12pF | J3: 12.88662 | K3: Geyer Electronic | L3: Geyer Electronic:12.88662 | M3: 308 | N3: 1 | O3: BQ3 | P3: 1
A4: C2B004CPU2 | B4: Friday, December 01, 2023 | C4: 3 | D4: PanelPC | E4: Thin_RJ_C2B004CPU2_Var_MAIN.xlsx | F4: 1 | G4: 3 | I4: Tuning Fork Crystal 32.768 kHz 20 ppm 2x1,2x0,6 | J4: 12.87160 | K4: Geyer Electronic | L4: Geyer Electronic:12.87160 | M4: 3473 | N4: 1 | O4: BQ5 | P4: 1
A5: C2B004CPU2 | B5: Friday, December 01, 2023 | C5: 3 | D5: PanelPC | E5: Thin_RJ_C2B004CPU2_Var_MAIN.xlsx | F5: 1 | G5: 4 | I5: CRYSTAL 32MHZ 8PF SMD 2x1.6mm | J5: ABM11W-32.0000MHZ-8-D1X-T3 | K5: Abracon Corporation | L5: Abracon Corporation:ABM11W-32.0000MHZ-8-D1X-T3 | M5: 10404 | N5: 1 | O5: BQ7 | P5: 1
A6: C2B004CPU2 | B6: Friday, December 01, 2023 | C6: 3 | D6: PanelPC | E6: Thin_RJ_C2B004CPU2_Var_MAIN.xlsx | F6: 1 | G6: 5 | I6: MLCC 22UF 6.3V X5R 0603 В±20% | J6: CL10A226MQ7NRN | K6: Samsung | L6: Samsung:CL10A226MQ7NRN | M6: 10408 | N6: 96 | O6: C1,C2,C4,C6,C8,C10,C13,C14,C21,C22,C23,C25,C27,C29,C31,C34,C37,C38,C43,C44,C163,C164,C192,C195,C198,C201,C208,C209,C210,C243,C309,C310,C525,C526,C527,C534,C535,C536,C544,C545,C546,C554,C555,C556,C563,C564,C565,C572,C573,C574,C581,C582,C583,C590,C591,C592,C599,C606,C634,C639,C644,C649,C654,C659,C664,C669,C717,C730,C731,C742,C743,C759,C760,C761,C762,C775,C807,C808,C809,C810,C811,C812,C814,C815,C817,C818,C823,C824,C825,C826,C827,C833,C858,C859,C860,C861 | P6: 96
A7: C2B004CPU2 | B7: Friday, December 01, 2023 | C7: 3 | D7: PanelPC | E7: Thin_RJ_C2B004CPU2_Var_MAIN.xlsx | F7: 1 | G7: 6 | I7: CAP CER 1UF 6.3V X5R 0201 20% | J7: CL03A105MQ3CSNC | K7: Samsung | L7: Samsung:CL03A105MQ3CSNC | M7: 1796 | N7: 73 | O7: C3,C5,C7,C9,C12,C17,C18,C19,C20,C24,C26,C28,C30,C33,C36,C39,C40,C41,C42,C80,C81,C82,C85,C122,C123,C125,C134,C221,C247,C259,C262,C269,C270,C271,C277,C314,C326,C332,C334,C348,C356,C361,C702,C704,C706,C713,C715,C718,C721,C722,C725,C726,C732,C733,C734,C737,C738,C739,C740,C745,C746,C765,C766,C864,C865,C866,C867,C890,C891,C892,C893,C898,C899 | P7: 73
A8: C2B004CPU2 | B8: Friday, December 01, 2023 | C8: 3 | D8: PanelPC | E8: Thin_RJ_C2B004CPU2_Var_MAIN.xlsx | F8: 1 | G8: 7 | I8: CAP CER 0.1UF 10V X5R 0201 10% | J8: CL03A104KP3NNNC | K8: Samsung | L8: Samsung:CL03A104KP3NNNC | M8: 4020 | N8: 131 | O8: C11,C16,C32,C35,C67,C68,C69,C70,C71,C72,C83,C84,C86,C87,C133,C139,C140,C141,C142,C151,C152,C153,C154,C193,C194,C196,C197,C199,C200,C202,C203,C211,C212,C213,C214,C215,C216,C222,C227,C228,C229,C230,C248,C249,C253,C254,C256,C258,C260,C265,C278,C279,C300,C301,C302,C303,C304,C306,C311,C312,C315,C316,C317,C318,C319,C321,C322,C323,C324,C325,C327,C328,C329,C330,C331,C335,C336,C337,C338,C340,C342,C345,C347,C349,C350,C351,C352,C353,C354,C355,C359,C362,C364,C371,C372,C373,C374,C376,C377,C378,C379,C380,C703,C708,C709,C720,C723,C735,C747,C748,C819,C820,C821,C822,C868,C869,C870,C871,C872,C873,C874,C875,C876,C877,C887,C888,C889,C894,C895,C896,C907 | P8: 131
A9: C2B004CPU2 | B9: Friday, December 01, 2023 | C9: 3 | D9: PanelPC | E9: Thin_RJ_C2B004CPU2_Var_MAIN.xlsx | F9: 1 | G9: 8 | I9: CAP ALUM, 330uF, 2V, +/-20%, SMD | J9: OVF331M0DTR-0605-STA | K9: Lelon | L9: Lelon:OVF331M0DTR-0605-STA | M9: 3190 | N9: 5 | O9: C15,C524,C543,C553,C813 | P9: 5
A10: C2B004CPU2 | B10: Friday, December 01, 2023 | C10: 3 | D10: PanelPC | E10: Thin_RJ_C2B004CPU2_Var_MAIN.xlsx | F10: 1 | G10: 9 | I10: CAP CERAMIC, 0402, 0.1uF, 50V, X7R, +/-10% | J10: CL05B104KB54PNC | K10: Samsung | L10: Samsung:CL05B104KB54PNC | M10: 2054 | N10: 232 | O10: C45,C46,C47,C48,C49,C50,C51,C52,C53,C54,C55,C56,C57,C58,C59,C60,C61,C62,C63,C64,C65,C66,C165,C166,C190,C191,C252,C367,C368,C390,C393,C395,C396,C402,C403,C404,C405,C409,C410,C411,C412,C413,C416,C417,C418,C421,C422,C425,C428,C429,C431,C432,C434,C435,C436,C437,C438,C439,C440,C441,C445,C446,C447,C448,C449,C450,C452,C453,C454,C456,C457,C458,C459,C460,C461,C463,C465,C466,C467,C468,C469,C470,C473,C476,C477,C479,C481,C483,C484,C485,C486,C489,C490,C493,C494,C497,C498,C499,C500,C501,C502,C503,C504,C505,C506,C511,C512,C516,C518,C519,C520,C529,C530,C531,C532,C533,C538,C539,C540,C541,C542,C548,C549,C550,C551,C552,C558,C559,C560,C561,C562,C567,C568,C569,C570,C571,C576,C577,C578,C579,C580,C585,C586,C587,C588,C589,C594,C595,C596,C597,C598,C601,C602,C603,C604,C605,C608,C609,C610,C611,C612,C613,C614,C615,C616,C617,C618,C619,C620,C621,C622,C623,C624,C625,C626,C627,C628,C629,C630,C631,C632,C633,C636,C637,C638,C641,C642,C643,C646,C647,C648,C651,C652,C653,C656,C657,C658,C661,C662,C663,C666,C667,C668,C671,C672,C673,C675,C676,C677,C678,C679,C680,C688,C689,C690,C697,C698,C699,C750,C754,C776,C781,C782,C783,C793,C794,C795,C834,C838,C839,C848,C849 | P10: 232
A11: C2B004CPU2 | B11: Friday, December 01, 2023 | C11: 3 | D11: PanelPC | E11: Thin_RJ_C2B004CPU2_Var_MAIN.xlsx | F11: 1 | G11: 10 | I11: CAP CER 0402 10uF 10V X5R +/-20% | J11: CL05A106MP6NUN8 | K11: Samsung | L11: Samsung:CL05A106MP6NUN8 | M11: 3995 | N11: 69 | O11: C73,C75,C76,C78,C79,C124,C135,C136,C137,C138,C143,C144,C145,C146,C147,C148,C149,C150,C167,C168,C250,C251,C255,C264,C272,C308,C313,C320,C333,C346,C375,C381,C382,C384,C399,C400,C401,C415,C420,C442,C478,C480,C495,C496,C514,C517,C523,C528,C537,C547,C557,C566,C575,C584,C593,C600,C607,C695,C705,C707,C712,C714,C716,C751,C879,C880,C881,C882,C883 | P11: 69
A12: C2B004CPU2 | B12: Friday, December 01, 2023 | C12: 3 | D12: PanelPC | E12: Thin_RJ_C2B004CPU2_Var_MAIN.xlsx | F12: 1 | G12: 11 | I12: CER CAP, 0201, 16pF, 25V, C0G, +/-5% | J12: CL03C160JA3GNN | K12: Samsung | L12: Samsung:CL03C160JA3GNN | M12: 10409 | N12: 8 | O12: C74,C77,C127,C130,C343,C344,C884,C885 | P12: 8
A13: C2B004CPU2 | B13: Friday, December 01, 2023 | C13: 3 | D13: PanelPC | E13: Thin_RJ_C2B004CPU2_Var_MAIN.xlsx | F13: 1 | G13: 12 | I13: CAP CER 22UF 25V X5R 1206 10% | J13: CL31A226KAH1IN | K13: Samsung | L13: Samsung:CL31A226KAH1IN | M13: 10480 | N13: 8 | O13: C89,C686,C691,C692,C693,C701,C919,C920 | P13: 8
... A118: C2B004CPU2 | B118: Friday, December 01, 2023 | C118: 3 | D118: PanelPC | E118: Thin_RJ_C2B004CPU2_Var_MAIN.xlsx | F118: 1 | G118: 117 | I118: RES SMD 316K OHM 1% 1/16W 0402 | J118: RC0402FR-07316KL | K118: Yageo | L118: Yageo:RC0402FR-07316KL | M118: 302 | N118: 1 | O118: R537 | P118: 1
A119: C2B004CPU2 | B119: Friday, December 01, 2023 | C119: 3 | D119: PanelPC | E119: Thin_RJ_C2B004CPU2_Var_MAIN.xlsx | F119: 1 | G119: 118 | H119: Yageo:RC0402FR-0724KL | I119: RES , 0402, 24kohms, 1%, 1/16W | J119: CR0402-FX-2402-G | K119: Bourns | L119: Bourns:CR0402-FX-2402-G | M119: 4861 | N119: 1 | O119: R539 | P119: 1
A120: C2B004CPU2 | B120: Friday, December 01, 2023 | C120: 3 | D120: PanelPC | E120: Thin_RJ_C2B004CPU2_Var_MAIN.xlsx | F120: 1 | G120: 119 | H120: Yageo:RC0402FR-0720KL | I120: RES , 0402, 20kohms, 1%, 1/16W | J120: CR0402-FX-2002-G | K120: Bourns | L120: Bourns:CR0402-FX-2002-G | M120: 6272 | N120: 5 | O120: R540,R570,R580,R625,R627 | P120: 5
A121: C2B004CPU2 | B121: Friday, December 01, 2023 | C121: 3 | D121: PanelPC | E121: Thin_RJ_C2B004CPU2_Var_MAIN.xlsx | F121: 1 | G121: 120 | H121: Yageo:RC0402FR-071K05L | I121: RES , 0402, 1.05kohms, 1%, 1/16W | J121: CR0402-FX-1051-G | K121: Bourns | L121: Bourns:CR0402-FX-1051-G | M121: 2557 | N121: 1 | O121: R541 | P121: 1
A122: C2B004CPU2 | B122: Friday, December 01, 2023 | C122: 3 | D122: PanelPC | E122: Thin_RJ_C2B004CPU2_Var_MAIN.xlsx | F122: 1 | G122: 121 | H122: Yageo:RC0402JR-07330RL | I122: RES , 0402, 330ohms, 5%, 1/16W | J122: CR0402-JW-331-G | K122: Bourns | L122: Bourns:CR0402-JW-331-G | M122: 6215 | N122: 1 | O122: R542 | P122: 1
A123: C2B004CPU2 | B123: Friday, December 01, 2023 | C123: 3 | D123: PanelPC | E123: Thin_RJ_C2B004CPU2_Var_MAIN.xlsx | F123: 1 | G123: 122 | I123: RES SMD 7.87K OHM 1% 1/16W 0402 | J123: RC0402FR-137K87L | K123: Yageo | L123: Yageo:RC0402FR-137K87L | M123: 8288 | N123: 1 | O123: R549 | P123: 1
A124: C2B004CPU2 | B124: Friday, December 01, 2023 | C124: 3 | D124: PanelPC | E124: Thin_RJ_C2B004CPU2_Var_MAIN.xlsx | F124: 1 | G124: 123 | I124: RES , 0402, 8.2kohms, 62.5 mW, 5% | J124: RC0402JR-078K2L | K124: Yageo | L124: Yageo:RC0402JR-078K2L | M124: 3843 | N124: 2 | O124: R561,R613 | P124: 2
A125: C2B004CPU2 | B125: Friday, December 01, 2023 | C125: 3 | D125: PanelPC | E125: Thin_RJ_C2B004CPU2_Var_MAIN.xlsx | F125: 1 | G125: 124 | I125: RES SMD 5.1K OHM 1% 1/16W 0402 | J125: RC0402FR-075K1L | K125: Yageo | L125: Yageo:RC0402FR-075K1L | M125: 8304 | N125: 5 | O125: R564,R567,R581,R616,R637 | P125: 5
A126: C2B004CPU2 | B126: Friday, December 01, 2023 | C126: 3 | D126: PanelPC | E126: Thin_RJ_C2B004CPU2_Var_MAIN.xlsx | F126: 1 | G126: 125 | I126: RES SMD 43.2K OHM 1% 1/16W 0402 | J126: RC0402FR-0743K2L | K126: Yageo | L126: Yageo:RC0402FR-0743K2L | M126: 8342 | N126: 3 | O126: R566,R599,R636 | P126: 3
A127: C2B004CPU2 | B127: Friday, December 01, 2023 | C127: 3 | D127: PanelPC | E127: Thin_RJ_C2B004CPU2_Var_MAIN.xlsx | F127: 1 | G127: 126 | H127: Yageo:RC0402FR-0717K4L | I127: RES , 0402, 17.4kohms, 1%, 1/16W | J127: CR0402-FX-1742-G | K127: Bourns | L127: Bourns:CR0402-FX-1742-G | M127: 3762 | N127: 1 | O127: R569 | P127: 1
A128: C2B004CPU2 | B128: Friday, December 01, 2023 | C128: 3 | D128: PanelPC | E128: Thin_RJ_C2B004CPU2_Var_MAIN.xlsx | F128: 1 | G128: 127 | H128: Yageo:RC0402FR-07430RL | I128: RES , 0402, 430ohms, 1%, 1/16W | J128: CR0402-FX-4300-G | K128: Bourns | L128: Bourns:CR0402-FX-4300-G | M128: 5427 | N128: 2 | O128: R576,R579 | P128: 2
A129: C2B004CPU2 | B129: Friday, December 01, 2023 | C129: 3 | D129: PanelPC | E129: Thin_RJ_C2B004CPU2_Var_MAIN.xlsx | F129: 1 | G129: 128 | H129: Yageo:RC0402FR-0710K2L | I129: RES , 0402, 10.2kohms, 1%, 1/16W | J129: CR0402-FX-1022-G | K129: Bourns | L129: Bourns:CR0402-FX-1022-G | M129: 7002 | N129: 1 | O129: R577 | P129: 1
A130: C2B004CPU2 | B130: Friday, December 01, 2023 | C130: 3 | D130: PanelPC | E130: Thin_RJ_C2B004CPU2_Var_MAIN.xlsx | F130: 1 | G130: 129 | H130: Yageo:RC0402FR-073KL | I130: RES , 0402, 3kohms, 1%, 1/16W | J130: CR0402-FX-3001-G | K130: Bourns | L130: Bourns:CR0402-FX-3001-G | M130: 6663 | N130: 1 | O130: R578 | P130: 1
A131: C2B004CPU2 | B131: Friday, December 01, 2023 | C131: 3 | D131: PanelPC | E131: Thin_RJ_C2B004CPU2_Var_MAIN.xlsx | F131: 1 | G131: 130 | I131: RES SMD 178 OHM 1% 1/16W 0402 | J131: RC0402FR-07178RL | K131: Yageo | L131: Yageo:RC0402FR-07178RL | M131: 8290 | N131: 3 | O131: R585,R586,R587 | P131: 3
A132: C2B004CPU2 | B132: Friday, December 01, 2023 | C132: 3 | D132: PanelPC | E132: Thin_RJ_C2B004CPU2_Var_MAIN.xlsx | F132: 1 | G132: 131 | I132: RES SMD 0 ohm JUMPER 50mW 0201 5% | J132: RC0201JR-070RL | K132: Yageo | L132: Yageo:RC0201JR-070RL | M132: 3968 | N132: 3 | O132: R588,R589,R590 | P132: 3
A133: C2B004CPU2 | B133: Friday, December 01, 2023 | C133: 3 | D133: PanelPC | E133: Thin_RJ_C2B004CPU2_Var_MAIN.xlsx | F133: 1 | G133: 132 | H133: Yageo:RC0402FR-074K42L | I133: RES , 0402, 4.42kohms, 1%, 1/16W | J133: CR0402-FX-4421-G | K133: Bourns | L133: Bourns:CR0402-FX-4421-G | M133: 5641 | N133: 1 | O133: R620 | P133: 1
A134: C2B004CPU2 | B134: Friday, December 01, 2023 | C134: 3 | D134: PanelPC | E134: Thin_RJ_C2B004CPU2_Var_MAIN.xlsx | F134: 1 | G134: 133 | H134: Yageo:RC0402FR-076K04L | I134: RES , 0402, 6.04kohms, 1%, 1/16W | J134: CR0402-FX-6041-G | K134: Bourns | L134: Bourns:CR0402-FX-6041-G | M134: 5838 | N134: 2 | O134: R626,R628 | P134: 2
A135: C2B004CPU2 | B135: Friday, December 01, 2023 | C135: 3 | D135: PanelPC | E135: Thin_RJ_C2B004CPU2_Var_MAIN.xlsx | F135: 1 | G135: 134 | I135: RES SMD 464 OHM 1% 1/16W 0402 | J135: RC0402FR-07464RL | K135: Yageo | L135: Yageo:RC0402FR-07464RL | M135: 4149 | N135: 2 | O135: R633,R634 | P135: 2
A136: C2B004CPU2 | B136: Friday, December 01, 2023 | C136: 3 | D136: PanelPC | E136: Thin_RJ_C2B004CPU2_Var_MAIN.xlsx | F136: 1 | G136: 135 | H136: Yageo:RC0402FR-072K2L | I136: RES , 0402, 2.2kohms, 1%, 1/16W | J136: CR0402-FX-2201-G | K136: Bourns | L136: Bourns:CR0402-FX-2201-G | M136: 3399 | N136: 4 | O136: R679,R680,R681,R682 | P136: 4
A137: C2B004CPU2 | B137: Friday, December 01, 2023 | C137: 3 | D137: PanelPC | E137: Thin_RJ_C2B004CPU2_Var_MAIN.xlsx | F137: 1 | G137: 136 | H137: Yageo:RC0402FR-073R3L | I137: RES , 0402, 3.3ohms, 5%, 1/16W | J137: CR0402-JW-3R3-G | K137: Bourns | L137: Bourns:CR0402-JW-3R3-G | M137: 6262 | N137: 4 | O137: R683,R684,R685,R686 | P137: 4
A138: C2B004CPU2 | B138: Friday, December 01, 2023 | C138: 3 | D138: PanelPC | E138: Thin_RJ_C2B004CPU2_Var_MAIN.xlsx | F138: 1 | G138: 137 | I138: RES CERAMIC 2.49 kOhm 1% 1/20W 0201/0603M | J138: AC0201FR-132K49L | K138: Yageo | L138: Yageo:AC0201FR-132K49L | M138: 10226 | N138: 1 | O138: R689 | P138: 1
A139: C2B004CPU2 | B139: Friday, December 01, 2023 | C139: 3 | D139: PanelPC | E139: Thin_RJ_C2B004CPU2_Var_MAIN.xlsx | F139: 1 | G139: 138 | I139: RES CERAMIC 1 kOhm 1% 1/20W 0201/0603M | J139: AC0201FR-071KL | K139: Yageo | L139: Yageo:AC0201FR-071KL | M139: 10215 | N139: 2 | O139: R699,R700 | P139: 2
A140: C2B004CPU2 | B140: Friday, December 01, 2023 | C140: 3 | D140: PanelPC | E140: Thin_RJ_C2B004CPU2_Var_MAIN.xlsx | F140: 1 | G140: 139 | I140: RES SMD 402ohm +/-1% 1/20W 0201 | J140: AC0201FR-07402RL | K140: Yageo | L140: Yageo:AC0201FR-07402RL | M140: 12665 | N140: 3 | O140: R702,R703,R704 | P140: 3
A141: C2B004CPU2 | B141: Friday, December 01, 2023 | C141: 3 | D141: PanelPC | E141: Thin_RJ_C2B004CPU2_Var_MAIN.xlsx | F141: 1 | G141: 140 | I141: THERMISTOR,0603,470kohms, 3%,4500K | J141: NCP18WM474E03RB | K141: Murata | L141: Murata:NCP18WM474E03RB | M141: 206 | N141: 6 | O141: RK1,RK2,RK3,RK4,RK5,RK6 | P141: 6
A142: C2B004CPU2 | B142: Friday, December 01, 2023 | C142: 3 | D142: PanelPC | E142: Thin_RJ_C2B004CPU2_Var_MAIN.xlsx | F142: 1 | G142: 141 | I142: DIODE SCHOTTKY 30V 500MA SOD923 | J142: NSR0530P2T5G | K142: On Semiconductor | L142: On Semiconductor:NSR0530P2T5G | M142: 131 | N142: 26 | O142: VD1,VD2,VD15,VD16,VD17,VD18,VD25,VD26,VD27,VD38,VD39,VD40,VD41,VD54,VD55,VD56,VD57,VD67,VD68,VD99,VD100,VD108,VD109,VD112,VD114,VD115 | P142: 26
A143: C2B004CPU2 | B143: Friday, December 01, 2023 | C143: 3 | D143: PanelPC | E143: Thin_RJ_C2B004CPU2_Var_MAIN.xlsx | F143: 1 | G143: 142 | I143: TVS DIODE 5V 10V 10UDFN | J143: ESD7004MUTAG | K143: On Semiconductor | L143: On Semiconductor:ESD7004MUTAG | M143: 2944 | N143: 12 | O143: VD3,VD4,VD9,VD10,VD21,VD22,VD30,VD31,VD34,VD36,VD106,VD107 | P143: 12
A144: C2B004CPU2 | B144: Friday, December 01, 2023 | C144: 3 | D144: PanelPC | E144: Thin_RJ_C2B004CPU2_Var_MAIN.xlsx | F144: 1 | G144: 143 | I144: TVS for ESD Protection | J144: ESD05V92D-LA | K144: UN Semiconductor Co.,Ltd. | L144: UN Semiconductor:ESD05V92D-LA | M144: 8351 | N144: 11 | O144: VD11,VD12,VD13,VD14,VD23,VD24,VD32,VD33,VD35,VD37,VD95 | P144: 11
A145: C2B004CPU2 | B145: Friday, December 01, 2023 | C145: 3 | D145: PanelPC | E145: Thin_RJ_C2B004CPU2_Var_MAIN.xlsx | F145: 1 | G145: 144 | I145: TVS DIODE 5V 10V SOT-553 | J145: NUP2114UPXV5T1G | K145: On Semiconductor | L145: On Semiconductor:NUP2114UPXV5T1G | M145: 4003 | N145: 6 | O145: VD19,VD20,VD63,VD64,VD117,VD118 | P145: 6
A146: C2B004CPU2 | B146: Friday, December 01, 2023 | C146: 3 | D146: PanelPC | E146: Thin_RJ_C2B004CPU2_Var_MAIN.xlsx | F146: 1 | G146: 145 | I146: LED 2V 20mA 571nm GREEN COLOR SMD 0603 | J146: LTST-C190KGKT | K146: Lite-On Electronics Inc | L146: Lite-On Electronics Inc:LTST-C190KGKT | M146: 8576 | N146: 4 | O146: VD28,VD29,VD121,VD122 | P146: 4
A147: C2B004CPU2 | B147: Friday, December 01, 2023 | C147: 3 | D147: PanelPC | E147: Thin_RJ_C2B004CPU2_Var_MAIN.xlsx | F147: 1 | G147: 146 | I147: TVS DIODE 3.3V 150W 25pC BI-Dir SOD-923 | J147: ESD3.3V92D-C | K147: UN Semiconductor Co.,Ltd. | L147: UN Semiconductor:ESD3.3V92D-C | M147: 8540 | N147: 52 | O147: VD42,VD43,VD44,VD45,VD46,VD47,VD48,VD49,VD50,VD51,VD58,VD59,VD60,VD61,VD62,VD69,VD70,VD71,VD72,VD73,VD74,VD75,VD76,VD77,VD78,VD79,VD80,VD81,VD82,VD83,VD84,VD85,VD86,VD87,VD88,VD89,VD90,VD91,VD92,VD93,VD94,VD96,VD97,VD110,VD111,VD123,VD124,VD125,VD126,VD127,VD128,VD129 | P147: 52
A148: C2B004CPU2 | B148: Friday, December 01, 2023 | C148: 3 | D148: PanelPC | E148: Thin_RJ_C2B004CPU2_Var_MAIN.xlsx | F148: 1 | G148: 147 | I148: LED 2V RED, 2.1V YELLOW 20mA HYPER RED, YELLOW COLOR SMD | J148: APB3025ESGC-F01 | K148: Kingbright | L148: Kingbright:APB3025ESGC-F01 | M148: 5822 | N148: 1 | O148: VD66 | P148: 1
A149: C2B004CPU2 | B149: Friday, December 01, 2023 | C149: 3 | D149: PanelPC | E149: Thin_RJ_C2B004CPU2_Var_MAIN.xlsx | F149: 1 | G149: 148 | I149: TVS DIODE 18VWM 29.2VC SMB | J149: SMBJ18A | K149: On Semiconductor | L149: On Semiconductor:SMBJ18A | M149: 4786 | N149: 1 | O149: VD98 | P149: 1
... A190: C2B004CPU2 | B190: Friday, December 01, 2023 | C190: 3 | D190: PanelPC | E190: Thin_RJ_C2B004CPU2_Var_MAIN.xlsx | F190: 1 | G190: 189 | I190: SH1.0mm WAFER 2X10P SMT TOP ENTRY TYPE | J190: W9110-20PCXWXDR(S41) | K190: Hsuan Mao | L190: Hsuan Mao:W9110-20PCXWXDR(S41) | M190: 3727 | N190: 2 | O190: XS18,XS19 | P190: 2
